gateway_id,connector_id,protocol,point_id,point_name,point_type,point_specification,writable,interval,unit,max_pres_value,min_pres_value,labels,scale,device_id,device_name,device_type,site,building,floor,installation_area,target_area,panel,tags,supplier,owner,description,local_id,device_id_bacnet,instance_no_bacnet,object_type_bacnet
gw-001,opcua-01,opcua,UA-F-0001,Temperature,Temperature,Measurement,true,5,degC,50,-10,,1.0,opcua-server,OPCUA Server,Sensor,Site01,Building01,1F,Area01,,,,,,,ns=2;s=UA-F-0001,,,
gw-001,opcua-01,opcua,UA-F-0002,Humidity,Humidity,Measurement,true,5,%RH,100,0,,1.0,opcua-server,OPCUA Server,Sensor,Site01,Building01,1F,Area01,,,,,,,ns=2;s=UA-F-0002,,,
gw-001,opcua-01,opcua,UA-F-0003,CO2 Concentration,CO2 Concentration,Measurement,true,5,ppm,5000,0,,1.0,opcua-server,OPCUA Server,Sensor,Site01,Building01,1F,Area01,,,,,,,ns=2;s=UA-F-0003,,,
gw-001,opcua-01,opcua,UA-F-0004,Differential Pressure,Differential Pressure,Measurement,true,5,Pa,1000,-1000,,1.0,opcua-server,OPCUA Server,Sensor,Site01,Building01,1F,Area01,,,,,,,ns=2;s=UA-F-0004,,,
gw-001,opcua-01,opcua,UA-F-0005,Flow Rate,Flow Rate,Measurement,true,5,m3/h,10000,0,,1.0,opcua-server,OPCUA Server,Sensor,Site01,Building01,1F,Area01,,,,,,,ns=2;s=UA-F-0005,,,
gw-001,opcua-01,opcua,UA-F-0006,Power,Power,Measurement,true,5,kW,1000,0,,1.0,opcua-server,OPCUA Server,Sensor,Site01,Building01,1F,Area01,,,,,,,ns=2;s=UA-F-0006,,,
gw-001,opcua-01,opcua,UA-F-0007,Energy,Energy,Metering,true,5,kWh,999999,0,,1.0,opcua-server,OPCUA Server,Sensor,Site01,Building01,1F,Area01,,,,,,,ns=2;s=UA-F-0007,,,
gw-001,opcua-01,opcua,UA-F-0008,Illuminance,Illuminance,Measurement,true,5,lux,10000,0,,1.0,opcua-server,OPCUA Server,Sensor,Site01,Building01,1F,Area01,,,,,,,ns=2;s=UA-F-0008,,,
gw-001,opcua-01,opcua,UA-F-0009,Wind Speed,Wind Speed,Measurement,true,5,m/s,50,0,,1.0,opcua-server,OPCUA Server,Sensor,Site01,Building01,1F,Area01,,,,,,,ns=2;s=UA-F-0009,,,
gw-001,opcua-01,opcua,UA-F-0010,Pressure,Pressure,Measurement,true,5,bar,10,0,,1.0,opcua-server,OPCUA Server,Sensor,Site01,Building01,1F,Area01,,,,,,,ns=2;s=UA-F-0010,,,
gw-001,opcua-01,opcua,UA-F-0011,Temperature,Temperature,Measurement,true,5,degC,50,-10,,1.0,opcua-server,OPCUA Server,Sensor,Site01,Building01,1F,Area01,,,,,,,ns=2;s=UA-F-0011,,,
gw-001,opcua-01,opcua,UA-F-0012,Humidity,Humidity,Measurement,true,5,%RH,100,0,,1.0,opcua-server,OPCUA Server,Sensor,Site01,Building01,1F,Area01,,,,,,,ns=2;s=UA-F-0012,,,
gw-001,opcua-01,opcua,UA-F-0013,CO2 Concentration,CO2 Concentration,Measurement,true,5,ppm,5000,0,,1.0,opcua-server,OPCUA Server,Sensor,Site01,Building01,1F,Area01,,,,,,,ns=2;s=UA-F-0013,,,
gw-001,opcua-01,opcua,UA-F-0014,Differential Pressure,Differential Pressure,Measurement,true,5,Pa,1000,-1000,,1.0,opcua-server,OPCUA Server,Sensor,Site01,Building01,1F,Area01,,,,,,,ns=2;s=UA-F-0014,,,
gw-001,opcua-01,opcua,UA-F-0015,Flow Rate,Flow Rate,Measurement,true,5,m3/h,10000,0,,1.0,opcua-server,OPCUA Server,Sensor,Site01,Building01,1F,Area01,,,,,,,ns=2;s=UA-F-0015,,,
gw-001,opcua-01,opcua,UA-F-0016,Power,Power,Measurement,true,5,kW,1000,0,,1.0,opcua-server,OPCUA Server,Sensor,Site01,Building01,1F,Area01,,,,,,,ns=2;s=UA-F-0016,,,
gw-001,opcua-01,opcua,UA-F-0017,Energy,Energy,Metering,true,5,kWh,999999,0,,1.0,opcua-server,OPCUA Server,Sensor,Site01,Building01,1F,Area01,,,,,,,ns=2;s=UA-F-0017,,,
gw-001,opcua-01,opcua,UA-F-0018,Illuminance,Illuminance,Measurement,true,5,lux,10000,0,,1.0,opcua-server,OPCUA Server,Sensor,Site01,Building01,1F,Area01,,,,,,,ns=2;s=UA-F-0018,,,
gw-001,opcua-01,opcua,UA-F-0019,Wind Speed,Wind Speed,Measurement,true,5,m/s,50,0,,1.0,opcua-server,OPCUA Server,Sensor,Site01,Building01,1F,Area01,,,,,,,ns=2;s=UA-F-0019,,,
gw-001,opcua-01,opcua,UA-F-0020,Pressure,Pressure,Measurement,true,5,bar,10,0,,1.0,opcua-server,OPCUA Server,Sensor,Site01,Building01,1F,Area01,,,,,,,ns=2;s=UA-F-0020,,,
gw-001,opcua-01,opcua,UA-F-0021,Temperature,Temperature,Measurement,true,5,degC,50,-10,,1.0,opcua-server,OPCUA Server,Sensor,Site01,Building01,1F,Area01,,,,,,,ns=2;s=UA-F-0021,,,
gw-001,opcua-01,opcua,UA-F-0022,Humidity,Humidity,Measurement,true,5,%RH,100,0,,1.0,opcua-server,OPCUA Server,Sensor,Site01,Building01,1F,Area01,,,,,,,ns=2;s=UA-F-0022,,,
gw-001,opcua-01,opcua,UA-F-0023,CO2 Concentration,CO2 Concentration,Measurement,true,5,ppm,5000,0,,1.0,opcua-server,OPCUA Server,Sensor,Site01,Building01,1F,Area01,,,,,,,ns=2;s=UA-F-0023,,,
gw-001,opcua-01,opcua,UA-F-0024,Differential Pressure,Differential Pressure,Measurement,true,5,Pa,1000,-1000,,1.0,opcua-server,OPCUA Server,Sensor,Site01,Building01,1F,Area01,,,,,,,ns=2;s=UA-F-0024,,,
gw-001,opcua-01,opcua,UA-F-0025,Flow Rate,Flow Rate,Measurement,true,5,m3/h,10000,0,,1.0,opcua-server,OPCUA Server,Sensor,Site01,Building01,1F,Area01,,,,,,,ns=2;s=UA-F-0025,,,
gw-001,opcua-01,opcua,UA-F-0026,Power,Power,Measurement,true,5,kW,1000,0,,1.0,opcua-server,OPCUA Server,Sensor,Site01,Building01,1F,Area01,,,,,,,ns=2;s=UA-F-0026,,,
gw-001,opcua-01,opcua,UA-F-0027,Energy,Energy,Metering,true,5,kWh,999999,0,,1.0,opcua-server,OPCUA Server,Sensor,Site01,Building01,1F,Area01,,,,,,,ns=2;s=UA-F-0027,,,
gw-001,opcua-01,opcua,UA-F-0028,Illuminance,Illuminance,Measurement,true,5,lux,10000,0,,1.0,opcua-server,OPCUA Server,Sensor,Site01,Building01,1F,Area01,,,,,,,ns=2;s=UA-F-0028,,,
gw-001,opcua-01,opcua,UA-F-0029,Wind Speed,Wind Speed,Measurement,true,5,m/s,50,0,,1.0,opcua-server,OPCUA Server,Sensor,Site01,Building01,1F,Area01,,,,,,,ns=2;s=UA-F-0029,,,
gw-001,opcua-01,opcua,UA-F-0030,Pressure,Pressure,Measurement,true,5,bar,10,0,,1.0,opcua-server,OPCUA Server,Sensor,Site01,Building01,1F,Area01,,,,,,,ns=2;s=UA-F-0030,,,
gw-001,opcua-01,opcua,UA-F-0031,Temperature,Temperature,Measurement,true,5,degC,50,-10,,1.0,opcua-server,OPCUA Server,Sensor,Site01,Building01,1F,Area01,,,,,,,ns=2;s=UA-F-0031,,,
gw-001,opcua-01,opcua,UA-F-0032,Humidity,Humidity,Measurement,true,5,%RH,100,0,,1.0,opcua-server,OPCUA Server,Sensor,Site01,Building01,1F,Area01,,,,,,,ns=2;s=UA-F-0032,,,
gw-001,opcua-01,opcua,UA-F-0033,CO2 Concentration,CO2 Concentration,Measurement,true,5,ppm,5000,0,,1.0,opcua-server,OPCUA Server,Sensor,Site01,Building01,1F,Area01,,,,,,,ns=2;s=UA-F-0033,,,
gw-001,opcua-01,opcua,UA-F-0034,Differential Pressure,Differential Pressure,Measurement,true,5,Pa,1000,-1000,,1.0,opcua-server,OPCUA Server,Sensor,Site01,Building01,1F,Area01,,,,,,,ns=2;s=UA-F-0034,,,
gw-001,opcua-01,opcua,UA-F-0035,Flow Rate,Flow Rate,Measurement,true,5,m3/h,10000,0,,1.0,opcua-server,OPCUA Server,Sensor,Site01,Building01,1F,Area01,,,,,,,ns=2;s=UA-F-0035,,,
gw-001,opcua-01,opcua,UA-F-0036,Power,Power,Measurement,true,5,kW,1000,0,,1.0,opcua-server,OPCUA Server,Sensor,Site01,Building01,1F,Area01,,,,,,,ns=2;s=UA-F-0036,,,
gw-001,opcua-01,opcua,UA-F-0037,Energy,Energy,Metering,true,5,kWh,999999,0,,1.0,opcua-server,OPCUA Server,Sensor,Site01,Building01,1F,Area01,,,,,,,ns=2;s=UA-F-0037,,,
gw-001,opcua-01,opcua,UA-F-0038,Illuminance,Illuminance,Measurement,true,5,lux,10000,0,,1.0,opcua-server,OPCUA Server,Sensor,Site01,Building01,1F,Area01,,,,,,,ns=2;s=UA-F-0038,,,
gw-001,opcua-01,opcua,UA-F-0039,Wind Speed,Wind Speed,Measurement,true,5,m/s,50,0,,1.0,opcua-server,OPCUA Server,Sensor,Site01,Building01,1F,Area01,,,,,,,ns=2;s=UA-F-0039,,,
gw-001,opcua-01,opcua,UA-F-0040,Pressure,Pressure,Measurement,true,5,bar,10,0,,1.0,opcua-server,OPCUA Server,Sensor,Site01,Building01,1F,Area01,,,,,,,ns=2;s=UA-F-0040,,,
gw-001,opcua-01,opcua,UA-F-0041,Temperature,Temperature,Measurement,true,5,degC,50,-10,,1.0,opcua-server,OPCUA Server,Sensor,Site01,Building01,1F,Area01,,,,,,,ns=2;s=UA-F-0041,,,
gw-001,opcua-01,opcua,UA-F-0042,Humidity,Humidity,Measurement,true,5,%RH,100,0,,1.0,opcua-server,OPCUA Server,Sensor,Site01,Building01,1F,Area01,,,,,,,ns=2;s=UA-F-0042,,,
gw-001,opcua-01,opcua,UA-F-0043,CO2 Concentration,CO2 Concentration,Measurement,true,5,ppm,5000,0,,1.0,opcua-server,OPCUA Server,Sensor,Site01,Building01,1F,Area01,,,,,,,ns=2;s=UA-F-0043,,,
gw-001,opcua-01,opcua,UA-F-0044,Differential Pressure,Differential Pressure,Measurement,true,5,Pa,1000,-1000,,1.0,opcua-server,OPCUA Server,Sensor,Site01,Building01,1F,Area01,,,,,,,ns=2;s=UA-F-0044,,,
gw-001,opcua-01,opcua,UA-F-0045,Flow Rate,Flow Rate,Measurement,true,5,m3/h,10000,0,,1.0,opcua-server,OPCUA Server,Sensor,Site01,Building01,1F,Area01,,,,,,,ns=2;s=UA-F-0045,,,
gw-001,opcua-01,opcua,UA-F-0046,Power,Power,Measurement,true,5,kW,1000,0,,1.0,opcua-server,OPCUA Server,Sensor,Site01,Building01,1F,Area01,,,,,,,ns=2;s=UA-F-0046,,,
gw-001,opcua-01,opcua,UA-F-0047,Energy,Energy,Metering,true,5,kWh,999999,0,,1.0,opcua-server,OPCUA Server,Sensor,Site01,Building01,1F,Area01,,,,,,,ns=2;s=UA-F-0047,,,
gw-001,opcua-01,opcua,UA-F-0048,Illuminance,Illuminance,Measurement,true,5,lux,10000,0,,1.0,opcua-server,OPCUA Server,Sensor,Site01,Building01,1F,Area01,,,,,,,ns=2;s=UA-F-0048,,,
gw-001,opcua-01,opcua,UA-F-0049,Wind Speed,Wind Speed,Measurement,true,5,m/s,50,0,,1.0,opcua-server,OPCUA Server,Sensor,Site01,Building01,1F,Area01,,,,,,,ns=2;s=UA-F-0049,,,
gw-001,opcua-01,opcua,UA-F-0050,Pressure,Pressure,Measurement,true,5,bar,10,0,,1.0,opcua-server,OPCUA Server,Sensor,Site01,Building01,1F,Area01,,,,,,,ns=2;s=UA-F-0050,,,
gw-001,opcua-01,opcua,UA-F-0051,Temperature,Temperature,Measurement,true,5,degC,50,-10,,1.0,opcua-server,OPCUA Server,Sensor,Site01,Building01,1F,Area01,,,,,,,ns=2;s=UA-F-0051,,,
gw-001,opcua-01,opcua,UA-F-0052,Humidity,Humidity,Measurement,true,5,%RH,100,0,,1.0,opcua-server,OPCUA Server,Sensor,Site01,Building01,1F,Area01,,,,,,,ns=2;s=UA-F-0052,,,
gw-001,opcua-01,opcua,UA-F-0053,CO2 Concentration,CO2 Concentration,Measurement,true,5,ppm,5000,0,,1.0,opcua-server,OPCUA Server,Sensor,Site01,Building01,1F,Area01,,,,,,,ns=2;s=UA-F-0053,,,
gw-001,opcua-01,opcua,UA-F-0054,Differential Pressure,Differential Pressure,Measurement,true,5,Pa,1000,-1000,,1.0,opcua-server,OPCUA Server,Sensor,Site01,Building01,1F,Area01,,,,,,,ns=2;s=UA-F-0054,,,
gw-001,opcua-01,opcua,UA-F-0055,Flow Rate,Flow Rate,Measurement,true,5,m3/h,10000,0,,1.0,opcua-server,OPCUA Server,Sensor,Site01,Building01,1F,Area01,,,,,,,ns=2;s=UA-F-0055,,,
gw-001,opcua-01,opcua,UA-F-0056,Power,Power,Measurement,true,5,kW,1000,0,,1.0,opcua-server,OPCUA Server,Sensor,Site01,Building01,1F,Area01,,,,,,,ns=2;s=UA-F-0056,,,
gw-001,opcua-01,opcua,UA-F-0057,Energy,Energy,Metering,true,5,kWh,999999,0,,1.0,opcua-server,OPCUA Server,Sensor,Site01,Building01,1F,Area01,,,,,,,ns=2;s=UA-F-0057,,,
gw-001,opcua-01,opcua,UA-F-0058,Illuminance,Illuminance,Measurement,true,5,lux,10000,0,,1.0,opcua-server,OPCUA Server,Sensor,Site01,Building01,1F,Area01,,,,,,,ns=2;s=UA-F-0058,,,
gw-001,opcua-01,opcua,UA-F-0059,Wind Speed,Wind Speed,Measurement,true,5,m/s,50,0,,1.0,opcua-server,OPCUA Server,Sensor,Site01,Building01,1F,Area01,,,,,,,ns=2;s=UA-F-0059,,,
gw-001,opcua-01,opcua,UA-F-0060,Pressure,Pressure,Measurement,true,5,bar,10,0,,1.0,opcua-server,OPCUA Server,Sensor,Site01,Building01,1F,Area01,,,,,,,ns=2;s=UA-F-0060,,,
gw-001,opcua-01,opcua,UA-F-0061,Temperature,Temperature,Measurement,true,5,degC,50,-10,,1.0,opcua-server,OPCUA Server,Sensor,Site01,Building01,1F,Area01,,,,,,,ns=2;s=UA-F-0061,,,
gw-001,opcua-01,opcua,UA-F-0062,Humidity,Humidity,Measurement,true,5,%RH,100,0,,1.0,opcua-server,OPCUA Server,Sensor,Site01,Building01,1F,Area01,,,,,,,ns=2;s=UA-F-0062,,,
gw-001,opcua-01,opcua,UA-F-0063,CO2 Concentration,CO2 Concentration,Measurement,true,5,ppm,5000,0,,1.0,opcua-server,OPCUA Server,Sensor,Site01,Building01,1F,Area01,,,,,,,ns=2;s=UA-F-0063,,,
gw-001,opcua-01,opcua,UA-F-0064,Differential Pressure,Differential Pressure,Measurement,true,5,Pa,1000,-1000,,1.0,opcua-server,OPCUA Server,Sensor,Site01,Building01,1F,Area01,,,,,,,ns=2;s=UA-F-0064,,,
gw-001,opcua-01,opcua,UA-F-0065,Flow Rate,Flow Rate,Measurement,true,5,m3/h,10000,0,,1.0,opcua-server,OPCUA Server,Sensor,Site01,Building01,1F,Area01,,,,,,,ns=2;s=UA-F-0065,,,
gw-001,opcua-01,opcua,UA-F-0066,Power,Power,Measurement,true,5,kW,1000,0,,1.0,opcua-server,OPCUA Server,Sensor,Site01,Building01,1F,Area01,,,,,,,ns=2;s=UA-F-0066,,,
gw-001,opcua-01,opcua,UA-F-0067,Energy,Energy,Metering,true,5,kWh,999999,0,,1.0,opcua-server,OPCUA Server,Sensor,Site01,Building01,1F,Area01,,,,,,,ns=2;s=UA-F-0067,,,
gw-001,opcua-01,opcua,UA-F-0068,Illuminance,Illuminance,Measurement,true,5,lux,10000,0,,1.0,opcua-server,OPCUA Server,Sensor,Site01,Building01,1F,Area01,,,,,,,ns=2;s=UA-F-0068,,,
gw-001,opcua-01,opcua,UA-F-0069,Wind Speed,Wind Speed,Measurement,true,5,m/s,50,0,,1.0,opcua-server,OPCUA Server,Sensor,Site01,Building01,1F,Area01,,,,,,,ns=2;s=UA-F-0069,,,
gw-001,opcua-01,opcua,UA-F-0070,Pressure,Pressure,Measurement,true,5,bar,10,0,,1.0,opcua-server,OPCUA Server,Sensor,Site01,Building01,1F,Area01,,,,,,,ns=2;s=UA-F-0070,,,
gw-001,opcua-01,opcua,UA-F-0071,Temperature,Temperature,Measurement,true,5,degC,50,-10,,1.0,opcua-server,OPCUA Server,Sensor,Site01,Building01,1F,Area01,,,,,,,ns=2;s=UA-F-0071,,,
gw-001,opcua-01,opcua,UA-F-0072,Humidity,Humidity,Measurement,true,5,%RH,100,0,,1.0,opcua-server,OPCUA Server,Sensor,Site01,Building01,1F,Area01,,,,,,,ns=2;s=UA-F-0072,,,
gw-001,opcua-01,opcua,UA-F-0073,CO2 Concentration,CO2 Concentration,Measurement,true,5,ppm,5000,0,,1.0,opcua-server,OPCUA Server,Sensor,Site01,Building01,1F,Area01,,,,,,,ns=2;s=UA-F-0073,,,
gw-001,opcua-01,opcua,UA-F-0074,Differential Pressure,Differential Pressure,Measurement,true,5,Pa,1000,-1000,,1.0,opcua-server,OPCUA Server,Sensor,Site01,Building01,1F,Area01,,,,,,,ns=2;s=UA-F-0074,,,
gw-001,opcua-01,opcua,UA-F-0075,Flow Rate,Flow Rate,Measurement,true,5,m3/h,10000,0,,1.0,opcua-server,OPCUA Server,Sensor,Site01,Building01,1F,Area01,,,,,,,ns=2;s=UA-F-0075,,,
gw-001,opcua-01,opcua,UA-F-0076,Power,Power,Measurement,true,5,kW,1000,0,,1.0,opcua-server,OPCUA Server,Sensor,Site01,Building01,1F,Area01,,,,,,,ns=2;s=UA-F-0076,,,
gw-001,opcua-01,opcua,UA-F-0077,Energy,Energy,Metering,true,5,kWh,999999,0,,1.0,opcua-server,OPCUA Server,Sensor,Site01,Building01,1F,Area01,,,,,,,ns=2;s=UA-F-0077,,,
gw-001,opcua-01,opcua,UA-F-0078,Illuminance,Illuminance,Measurement,true,5,lux,10000,0,,1.0,opcua-server,OPCUA Server,Sensor,Site01,Building01,1F,Area01,,,,,,,ns=2;s=UA-F-0078,,,
gw-001,opcua-01,opcua,UA-F-0079,Wind Speed,Wind Speed,Measurement,true,5,m/s,50,0,,1.0,opcua-server,OPCUA Server,Sensor,Site01,Building01,1F,Area01,,,,,,,ns=2;s=UA-F-0079,,,
gw-001,opcua-01,opcua,UA-F-0080,Pressure,Pressure,Measurement,true,5,bar,10,0,,1.0,opcua-server,OPCUA Server,Sensor,Site01,Building01,1F,Area01,,,,,,,ns=2;s=UA-F-0080,,,
gw-001,opcua-01,opcua,UA-F-0081,Temperature,Temperature,Measurement,true,5,degC,50,-10,,1.0,opcua-server,OPCUA Server,Sensor,Site01,Building01,1F,Area01,,,,,,,ns=2;s=UA-F-0081,,,
gw-001,opcua-01,opcua,UA-F-0082,Humidity,Humidity,Measurement,true,5,%RH,100,0,,1.0,opcua-server,OPCUA Server,Sensor,Site01,Building01,1F,Area01,,,,,,,ns=2;s=UA-F-0082,,,
gw-001,opcua-01,opcua,UA-F-0083,CO2 Concentration,CO2 Concentration,Measurement,true,5,ppm,5000,0,,1.0,opcua-server,OPCUA Server,Sensor,Site01,Building01,1F,Area01,,,,,,,ns=2;s=UA-F-0083,,,
gw-001,opcua-01,opcua,UA-F-0084,Differential Pressure,Differential Pressure,Measurement,true,5,Pa,1000,-1000,,1.0,opcua-server,OPCUA Server,Sensor,Site01,Building01,1F,Area01,,,,,,,ns=2;s=UA-F-0084,,,
gw-001,opcua-01,opcua,UA-F-0085,Flow Rate,Flow Rate,Measurement,true,5,m3/h,10000,0,,1.0,opcua-server,OPCUA Server,Sensor,Site01,Building01,1F,Area01,,,,,,,ns=2;s=UA-F-0085,,,
gw-001,opcua-01,opcua,UA-F-0086,Power,Power,Measurement,true,5,kW,1000,0,,1.0,opcua-server,OPCUA Server,Sensor,Site01,Building01,1F,Area01,,,,,,,ns=2;s=UA-F-0086,,,
gw-001,opcua-01,opcua,UA-F-0087,Energy,Energy,Metering,true,5,kWh,999999,0,,1.0,opcua-server,OPCUA Server,Sensor,Site01,Building01,1F,Area01,,,,,,,ns=2;s=UA-F-0087,,,
gw-001,opcua-01,opcua,UA-F-0088,Illuminance,Illuminance,Measurement,true,5,lux,10000,0,,1.0,opcua-server,OPCUA Server,Sensor,Site01,Building01,1F,Area01,,,,,,,ns=2;s=UA-F-0088,,,
gw-001,opcua-01,opcua,UA-F-0089,Wind Speed,Wind Speed,Measurement,true,5,m/s,50,0,,1.0,opcua-server,OPCUA Server,Sensor,Site01,Building01,1F,Area01,,,,,,,ns=2;s=UA-F-0089,,,
gw-001,opcua-01,opcua,UA-F-0090,Pressure,Pressure,Measurement,true,5,bar,10,0,,1.0,opcua-server,OPCUA Server,Sensor,Site01,Building01,1F,Area01,,,,,,,ns=2;s=UA-F-0090,,,
gw-001,opcua-01,opcua,UA-F-0091,Temperature,Temperature,Measurement,true,5,degC,50,-10,,1.0,opcua-server,OPCUA Server,Sensor,Site01,Building01,1F,Area01,,,,,,,ns=2;s=UA-F-0091,,,
gw-001,opcua-01,opcua,UA-F-0092,Humidity,Humidity,Measurement,true,5,%RH,100,0,,1.0,opcua-server,OPCUA Server,Sensor,Site01,Building01,1F,Area01,,,,,,,ns=2;s=UA-F-0092,,,
gw-001,opcua-01,opcua,UA-F-0093,CO2 Concentration,CO2 Concentration,Measurement,true,5,ppm,5000,0,,1.0,opcua-server,OPCUA Server,Sensor,Site01,Building01,1F,Area01,,,,,,,ns=2;s=UA-F-0093,,,
gw-001,opcua-01,opcua,UA-F-0094,Differential Pressure,Differential Pressure,Measurement,true,5,Pa,1000,-1000,,1.0,opcua-server,OPCUA Server,Sensor,Site01,Building01,1F,Area01,,,,,,,ns=2;s=UA-F-0094,,,
gw-001,opcua-01,opcua,UA-F-0095,Flow Rate,Flow Rate,Measurement,true,5,m3/h,10000,0,,1.0,opcua-server,OPCUA Server,Sensor,Site01,Building01,1F,Area01,,,,,,,ns=2;s=UA-F-0095,,,
gw-001,opcua-01,opcua,UA-F-0096,Power,Power,Measurement,true,5,kW,1000,0,,1.0,opcua-server,OPCUA Server,Sensor,Site01,Building01,1F,Area01,,,,,,,ns=2;s=UA-F-0096,,,
gw-001,opcua-01,opcua,UA-F-0097,Energy,Energy,Metering,true,5,kWh,999999,0,,1.0,opcua-server,OPCUA Server,Sensor,Site01,Building01,1F,Area01,,,,,,,ns=2;s=UA-F-0097,,,
gw-001,opcua-01,opcua,UA-F-0098,Illuminance,Illuminance,Measurement,true,5,lux,10000,0,,1.0,opcua-server,OPCUA Server,Sensor,Site01,Building01,1F,Area01,,,,,,,ns=2;s=UA-F-0098,,,
gw-001,opcua-01,opcua,UA-F-0099,Wind Speed,Wind Speed,Measurement,true,5,m/s,50,0,,1.0,opcua-server,OPCUA Server,Sensor,Site01,Building01,1F,Area01,,,,,,,ns=2;s=UA-F-0099,,,
gw-001,opcua-01,opcua,UA-F-0100,Pressure,Pressure,Measurement,true,5,bar,10,0,,1.0,opcua-server,OPCUA Server,Sensor,Site01,Building01,1F,Area01,,,,,,,ns=2;s=UA-F-0100,,,
gw-001,opcua-01,opcua,UA-F-0101,Temperature,Temperature,Measurement,false,5,degC,50,-10,,1.0,opcua-server,OPCUA Server,Sensor,Site01,Building01,1F,Area01,,,,,,,ns=2;s=UA-F-0101,,,
gw-001,opcua-01,opcua,UA-F-0102,Humidity,Humidity,Measurement,false,5,%RH,100,0,,1.0,opcua-server,OPCUA Server,Sensor,Site01,Building01,1F,Area01,,,,,,,ns=2;s=UA-F-0102,,,
gw-001,opcua-01,opcua,UA-F-0103,CO2 Concentration,CO2 Concentration,Measurement,false,5,ppm,5000,0,,1.0,opcua-server,OPCUA Server,Sensor,Site01,Building01,1F,Area01,,,,,,,ns=2;s=UA-F-0103,,,
gw-001,opcua-01,opcua,UA-F-0104,Differential Pressure,Differential Pressure,Measurement,false,5,Pa,1000,-1000,,1.0,opcua-server,OPCUA Server,Sensor,Site01,Building01,1F,Area01,,,,,,,ns=2;s=UA-F-0104,,,
gw-001,opcua-01,opcua,UA-F-0105,Flow Rate,Flow Rate,Measurement,false,5,m3/h,10000,0,,1.0,opcua-server,OPCUA Server,Sensor,Site01,Building01,1F,Area01,,,,,,,ns=2;s=UA-F-0105,,,
gw-001,opcua-01,opcua,UA-F-0106,Power,Power,Measurement,false,5,kW,1000,0,,1.0,opcua-server,OPCUA Server,Sensor,Site01,Building01,1F,Area01,,,,,,,ns=2;s=UA-F-0106,,,
gw-001,opcua-01,opcua,UA-F-0107,Energy,Energy,Metering,false,5,kWh,999999,0,,1.0,opcua-server,OPCUA Server,Sensor,Site01,Building01,1F,Area01,,,,,,,ns=2;s=UA-F-0107,,,
gw-001,opcua-01,opcua,UA-F-0108,Illuminance,Illuminance,Measurement,false,5,lux,10000,0,,1.0,opcua-server,OPCUA Server,Sensor,Site01,Building01,1F,Area01,,,,,,,ns=2;s=UA-F-0108,,,
gw-001,opcua-01,opcua,UA-F-0109,Wind Speed,Wind Speed,Measurement,false,5,m/s,50,0,,1.0,opcua-server,OPCUA Server,Sensor,Site01,Building01,1F,Area01,,,,,,,ns=2;s=UA-F-0109,,,
gw-001,opcua-01,opcua,UA-F-0110,Pressure,Pressure,Measurement,false,5,bar,10,0,,1.0,opcua-server,OPCUA Server,Sensor,Site01,Building01,1F,Area01,,,,,,,ns=2;s=UA-F-0110,,,
gw-001,opcua-01,opcua,UA-F-0111,Temperature,Temperature,Measurement,false,5,degC,50,-10,,1.0,opcua-server,OPCUA Server,Sensor,Site01,Building01,1F,Area01,,,,,,,ns=2;s=UA-F-0111,,,
gw-001,opcua-01,opcua,UA-F-0112,Humidity,Humidity,Measurement,false,5,%RH,100,0,,1.0,opcua-server,OPCUA Server,Sensor,Site01,Building01,1F,Area01,,,,,,,ns=2;s=UA-F-0112,,,
gw-001,opcua-01,opcua,UA-F-0113,CO2 Concentration,CO2 Concentration,Measurement,false,5,ppm,5000,0,,1.0,opcua-server,OPCUA Server,Sensor,Site01,Building01,1F,Area01,,,,,,,ns=2;s=UA-F-0113,,,
gw-001,opcua-01,opcua,UA-F-0114,Differential Pressure,Differential Pressure,Measurement,false,5,Pa,1000,-1000,,1.0,opcua-server,OPCUA Server,Sensor,Site01,Building01,1F,Area01,,,,,,,ns=2;s=UA-F-0114,,,
gw-001,opcua-01,opcua,UA-F-0115,Flow Rate,Flow Rate,Measurement,false,5,m3/h,10000,0,,1.0,opcua-server,OPCUA Server,Sensor,Site01,Building01,1F,Area01,,,,,,,ns=2;s=UA-F-0115,,,
gw-001,opcua-01,opcua,UA-F-0116,Power,Power,Measurement,false,5,kW,1000,0,,1.0,opcua-server,OPCUA Server,Sensor,Site01,Building01,1F,Area01,,,,,,,ns=2;s=UA-F-0116,,,
gw-001,opcua-01,opcua,UA-F-0117,Energy,Energy,Metering,false,5,kWh,999999,0,,1.0,opcua-server,OPCUA Server,Sensor,Site01,Building01,1F,Area01,,,,,,,ns=2;s=UA-F-0117,,,
gw-001,opcua-01,opcua,UA-F-0118,Illuminance,Illuminance,Measurement,false,5,lux,10000,0,,1.0,opcua-server,OPCUA Server,Sensor,Site01,Building01,1F,Area01,,,,,,,ns=2;s=UA-F-0118,,,
gw-001,opcua-01,opcua,UA-F-0119,Wind Speed,Wind Speed,Measurement,false,5,m/s,50,0,,1.0,opcua-server,OPCUA Server,Sensor,Site01,Building01,1F,Area01,,,,,,,ns=2;s=UA-F-0119,,,
gw-001,opcua-01,opcua,UA-F-0120,Pressure,Pressure,Measurement,false,5,bar,10,0,,1.0,opcua-server,OPCUA Server,Sensor,Site01,Building01,1F,Area01,,,,,,,ns=2;s=UA-F-0120,,,
gw-001,opcua-01,opcua,UA-F-0121,Temperature,Temperature,Measurement,false,5,degC,50,-10,,1.0,opcua-server,OPCUA Server,Sensor,Site01,Building01,1F,Area01,,,,,,,ns=2;s=UA-F-0121,,,
gw-001,opcua-01,opcua,UA-F-0122,Humidity,Humidity,Measurement,false,5,%RH,100,0,,1.0,opcua-server,OPCUA Server,Sensor,Site01,Building01,1F,Area01,,,,,,,ns=2;s=UA-F-0122,,,
gw-001,opcua-01,opcua,UA-F-0123,CO2 Concentration,CO2 Concentration,Measurement,false,5,ppm,5000,0,,1.0,opcua-server,OPCUA Server,Sensor,Site01,Building01,1F,Area01,,,,,,,ns=2;s=UA-F-0123,,,
gw-001,opcua-01,opcua,UA-F-0124,Differential Pressure,Differential Pressure,Measurement,false,5,Pa,1000,-1000,,1.0,opcua-server,OPCUA Server,Sensor,Site01,Building01,1F,Area01,,,,,,,ns=2;s=UA-F-0124,,,
gw-001,opcua-01,opcua,UA-F-0125,Flow Rate,Flow Rate,Measurement,false,5,m3/h,10000,0,,1.0,opcua-server,OPCUA Server,Sensor,Site01,Building01,1F,Area01,,,,,,,ns=2;s=UA-F-0125,,,
gw-001,opcua-01,opcua,UA-F-0126,Power,Power,Measurement,false,5,kW,1000,0,,1.0,opcua-server,OPCUA Server,Sensor,Site01,Building01,1F,Area01,,,,,,,ns=2;s=UA-F-0126,,,
gw-001,opcua-01,opcua,UA-F-0127,Energy,Energy,Metering,false,5,kWh,999999,0,,1.0,opcua-server,OPCUA Server,Sensor,Site01,Building01,1F,Area01,,,,,,,ns=2;s=UA-F-0127,,,
gw-001,opcua-01,opcua,UA-F-0128,Illuminance,Illuminance,Measurement,false,5,lux,10000,0,,1.0,opcua-server,OPCUA Server,Sensor,Site01,Building01,1F,Area01,,,,,,,ns=2;s=UA-F-0128,,,
gw-001,opcua-01,opcua,UA-F-0129,Wind Speed,Wind Speed,Measurement,false,5,m/s,50,0,,1.0,opcua-server,OPCUA Server,Sensor,Site01,Building01,1F,Area01,,,,,,,ns=2;s=UA-F-0129,,,
gw-001,opcua-01,opcua,UA-F-0130,Pressure,Pressure,Measurement,false,5,bar,10,0,,1.0,opcua-server,OPCUA Server,Sensor,Site01,Building01,1F,Area01,,,,,,,ns=2;s=UA-F-0130,,,
gw-001,opcua-01,opcua,UA-F-0131,Temperature,Temperature,Measurement,false,5,degC,50,-10,,1.0,opcua-server,OPCUA Server,Sensor,Site01,Building01,1F,Area01,,,,,,,ns=2;s=UA-F-0131,,,
gw-001,opcua-01,opcua,UA-F-0132,Humidity,Humidity,Measurement,false,5,%RH,100,0,,1.0,opcua-server,OPCUA Server,Sensor,Site01,Building01,1F,Area01,,,,,,,ns=2;s=UA-F-0132,,,
gw-001,opcua-01,opcua,UA-F-0133,CO2 Concentration,CO2 Concentration,Measurement,false,5,ppm,5000,0,,1.0,opcua-server,OPCUA Server,Sensor,Site01,Building01,1F,Area01,,,,,,,ns=2;s=UA-F-0133,,,
gw-001,opcua-01,opcua,UA-F-0134,Differential Pressure,Differential Pressure,Measurement,false,5,Pa,1000,-1000,,1.0,opcua-server,OPCUA Server,Sensor,Site01,Building01,1F,Area01,,,,,,,ns=2;s=UA-F-0134,,,
gw-001,opcua-01,opcua,UA-F-0135,Flow Rate,Flow Rate,Measurement,false,5,m3/h,10000,0,,1.0,opcua-server,OPCUA Server,Sensor,Site01,Building01,1F,Area01,,,,,,,ns=2;s=UA-F-0135,,,
gw-001,opcua-01,opcua,UA-F-0136,Power,Power,Measurement,false,5,kW,1000,0,,1.0,opcua-server,OPCUA Server,Sensor,Site01,Building01,1F,Area01,,,,,,,ns=2;s=UA-F-0136,,,
gw-001,opcua-01,opcua,UA-F-0137,Energy,Energy,Metering,false,5,kWh,999999,0,,1.0,opcua-server,OPCUA Server,Sensor,Site01,Building01,1F,Area01,,,,,,,ns=2;s=UA-F-0137,,,
gw-001,opcua-01,opcua,UA-F-0138,Illuminance,Illuminance,Measurement,false,5,lux,10000,0,,1.0,opcua-server,OPCUA Server,Sensor,Site01,Building01,1F,Area01,,,,,,,ns=2;s=UA-F-0138,,,
gw-001,opcua-01,opcua,UA-F-0139,Wind Speed,Wind Speed,Measurement,false,5,m/s,50,0,,1.0,opcua-server,OPCUA Server,Sensor,Site01,Building01,1F,Area01,,,,,,,ns=2;s=UA-F-0139,,,
gw-001,opcua-01,opcua,UA-F-0140,Pressure,Pressure,Measurement,false,5,bar,10,0,,1.0,opcua-server,OPCUA Server,Sensor,Site01,Building01,1F,Area01,,,,,,,ns=2;s=UA-F-0140,,,
gw-001,opcua-01,opcua,UA-F-0141,Temperature,Temperature,Measurement,false,5,degC,50,-10,,1.0,opcua-server,OPCUA Server,Sensor,Site01,Building01,1F,Area01,,,,,,,ns=2;s=UA-F-0141,,,
gw-001,opcua-01,opcua,UA-F-0142,Humidity,Humidity,Measurement,false,5,%RH,100,0,,1.0,opcua-server,OPCUA Server,Sensor,Site01,Building01,1F,Area01,,,,,,,ns=2;s=UA-F-0142,,,
gw-001,opcua-01,opcua,UA-F-0143,CO2 Concentration,CO2 Concentration,Measurement,false,5,ppm,5000,0,,1.0,opcua-server,OPCUA Server,Sensor,Site01,Building01,1F,Area01,,,,,,,ns=2;s=UA-F-0143,,,
gw-001,opcua-01,opcua,UA-F-0144,Differential Pressure,Differential Pressure,Measurement,false,5,Pa,1000,-1000,,1.0,opcua-server,OPCUA Server,Sensor,Site01,Building01,1F,Area01,,,,,,,ns=2;s=UA-F-0144,,,
gw-001,opcua-01,opcua,UA-F-0145,Flow Rate,Flow Rate,Measurement,false,5,m3/h,10000,0,,1.0,opcua-server,OPCUA Server,Sensor,Site01,Building01,1F,Area01,,,,,,,ns=2;s=UA-F-0145,,,
gw-001,opcua-01,opcua,UA-F-0146,Power,Power,Measurement,false,5,kW,1000,0,,1.0,opcua-server,OPCUA Server,Sensor,Site01,Building01,1F,Area01,,,,,,,ns=2;s=UA-F-0146,,,
gw-001,opcua-01,opcua,UA-F-0147,Energy,Energy,Metering,false,5,kWh,999999,0,,1.0,opcua-server,OPCUA Server,Sensor,Site01,Building01,1F,Area01,,,,,,,ns=2;s=UA-F-0147,,,
gw-001,opcua-01,opcua,UA-F-0148,Illuminance,Illuminance,Measurement,false,5,lux,10000,0,,1.0,opcua-server,OPCUA Server,Sensor,Site01,Building01,1F,Area01,,,,,,,ns=2;s=UA-F-0148,,,
gw-001,opcua-01,opcua,UA-F-0149,Wind Speed,Wind Speed,Measurement,false,5,m/s,50,0,,1.0,opcua-server,OPCUA Server,Sensor,Site01,Building01,1F,Area01,,,,,,,ns=2;s=UA-F-0149,,,
gw-001,opcua-01,opcua,UA-F-0150,Pressure,Pressure,Measurement,false,5,bar,10,0,,1.0,opcua-server,OPCUA Server,Sensor,Site01,Building01,1F,Area01,,,,,,,ns=2;s=UA-F-0150,,,
gw-001,opcua-01,opcua,UA-F-0151,Temperature,Temperature,Measurement,false,5,degC,50,-10,,1.0,opcua-server,OPCUA Server,Sensor,Site01,Building01,1F,Area01,,,,,,,ns=2;s=UA-F-0151,,,
gw-001,opcua-01,opcua,UA-F-0152,Humidity,Humidity,Measurement,false,5,%RH,100,0,,1.0,opcua-server,OPCUA Server,Sensor,Site01,Building01,1F,Area01,,,,,,,ns=2;s=UA-F-0152,,,
gw-001,opcua-01,opcua,UA-F-0153,CO2 Concentration,CO2 Concentration,Measurement,false,5,ppm,5000,0,,1.0,opcua-server,OPCUA Server,Sensor,Site01,Building01,1F,Area01,,,,,,,ns=2;s=UA-F-0153,,,
gw-001,opcua-01,opcua,UA-F-0154,Differential Pressure,Differential Pressure,Measurement,false,5,Pa,1000,-1000,,1.0,opcua-server,OPCUA Server,Sensor,Site01,Building01,1F,Area01,,,,,,,ns=2;s=UA-F-0154,,,
gw-001,opcua-01,opcua,UA-F-0155,Flow Rate,Flow Rate,Measurement,false,5,m3/h,10000,0,,1.0,opcua-server,OPCUA Server,Sensor,Site01,Building01,1F,Area01,,,,,,,ns=2;s=UA-F-0155,,,
gw-001,opcua-01,opcua,UA-F-0156,Power,Power,Measurement,false,5,kW,1000,0,,1.0,opcua-server,OPCUA Server,Sensor,Site01,Building01,1F,Area01,,,,,,,ns=2;s=UA-F-0156,,,
gw-001,opcua-01,opcua,UA-F-0157,Energy,Energy,Metering,false,5,kWh,999999,0,,1.0,opcua-server,OPCUA Server,Sensor,Site01,Building01,1F,Area01,,,,,,,ns=2;s=UA-F-0157,,,
gw-001,opcua-01,opcua,UA-F-0158,Illuminance,Illuminance,Measurement,false,5,lux,10000,0,,1.0,opcua-server,OPCUA Server,Sensor,Site01,Building01,1F,Area01,,,,,,,ns=2;s=UA-F-0158,,,
gw-001,opcua-01,opcua,UA-F-0159,Wind Speed,Wind Speed,Measurement,false,5,m/s,50,0,,1.0,opcua-server,OPCUA Server,Sensor,Site01,Building01,1F,Area01,,,,,,,ns=2;s=UA-F-0159,,,
gw-001,opcua-01,opcua,UA-F-0160,Pressure,Pressure,Measurement,false,5,bar,10,0,,1.0,opcua-server,OPCUA Server,Sensor,Site01,Building01,1F,Area01,,,,,,,ns=2;s=UA-F-0160,,,
gw-001,opcua-01,opcua,UA-F-0161,Temperature,Temperature,Measurement,false,5,degC,50,-10,,1.0,opcua-server,OPCUA Server,Sensor,Site01,Building01,1F,Area01,,,,,,,ns=2;s=UA-F-0161,,,
gw-001,opcua-01,opcua,UA-F-0162,Humidity,Humidity,Measurement,false,5,%RH,100,0,,1.0,opcua-server,OPCUA Server,Sensor,Site01,Building01,1F,Area01,,,,,,,ns=2;s=UA-F-0162,,,
gw-001,opcua-01,opcua,UA-F-0163,CO2 Concentration,CO2 Concentration,Measurement,false,5,ppm,5000,0,,1.0,opcua-server,OPCUA Server,Sensor,Site01,Building01,1F,Area01,,,,,,,ns=2;s=UA-F-0163,,,
gw-001,opcua-01,opcua,UA-F-0164,Differential Pressure,Differential Pressure,Measurement,false,5,Pa,1000,-1000,,1.0,opcua-server,OPCUA Server,Sensor,Site01,Building01,1F,Area01,,,,,,,ns=2;s=UA-F-0164,,,
gw-001,opcua-01,opcua,UA-F-0165,Flow Rate,Flow Rate,Measurement,false,5,m3/h,10000,0,,1.0,opcua-server,OPCUA Server,Sensor,Site01,Building01,1F,Area01,,,,,,,ns=2;s=UA-F-0165,,,
gw-001,opcua-01,opcua,UA-F-0166,Power,Power,Measurement,false,5,kW,1000,0,,1.0,opcua-server,OPCUA Server,Sensor,Site01,Building01,1F,Area01,,,,,,,ns=2;s=UA-F-0166,,,
gw-001,opcua-01,opcua,UA-F-0167,Energy,Energy,Metering,false,5,kWh,999999,0,,1.0,opcua-server,OPCUA Server,Sensor,Site01,Building01,1F,Area01,,,,,,,ns=2;s=UA-F-0167,,,
gw-001,opcua-01,opcua,UA-F-0168,Illuminance,Illuminance,Measurement,false,5,lux,10000,0,,1.0,opcua-server,OPCUA Server,Sensor,Site01,Building01,1F,Area01,,,,,,,ns=2;s=UA-F-0168,,,
gw-001,opcua-01,opcua,UA-F-0169,Wind Speed,Wind Speed,Measurement,false,5,m/s,50,0,,1.0,opcua-server,OPCUA Server,Sensor,Site01,Building01,1F,Area01,,,,,,,ns=2;s=UA-F-0169,,,
gw-001,opcua-01,opcua,UA-F-0170,Pressure,Pressure,Measurement,false,5,bar,10,0,,1.0,opcua-server,OPCUA Server,Sensor,Site01,Building01,1F,Area01,,,,,,,ns=2;s=UA-F-0170,,,
gw-001,opcua-01,opcua,UA-F-0171,Temperature,Temperature,Measurement,false,5,degC,50,-10,,1.0,opcua-server,OPCUA Server,Sensor,Site01,Building01,1F,Area01,,,,,,,ns=2;s=UA-F-0171,,,
gw-001,opcua-01,opcua,UA-F-0172,Humidity,Humidity,Measurement,false,5,%RH,100,0,,1.0,opcua-server,OPCUA Server,Sensor,Site01,Building01,1F,Area01,,,,,,,ns=2;s=UA-F-0172,,,
gw-001,opcua-01,opcua,UA-F-0173,CO2 Concentration,CO2 Concentration,Measurement,false,5,ppm,5000,0,,1.0,opcua-server,OPCUA Server,Sensor,Site01,Building01,1F,Area01,,,,,,,ns=2;s=UA-F-0173,,,
gw-001,opcua-01,opcua,UA-F-0174,Differential Pressure,Differential Pressure,Measurement,false,5,Pa,1000,-1000,,1.0,opcua-server,OPCUA Server,Sensor,Site01,Building01,1F,Area01,,,,,,,ns=2;s=UA-F-0174,,,
gw-001,opcua-01,opcua,UA-F-0175,Flow Rate,Flow Rate,Measurement,false,5,m3/h,10000,0,,1.0,opcua-server,OPCUA Server,Sensor,Site01,Building01,1F,Area01,,,,,,,ns=2;s=UA-F-0175,,,
gw-001,opcua-01,opcua,UA-F-0176,Power,Power,Measurement,false,5,kW,1000,0,,1.0,opcua-server,OPCUA Server,Sensor,Site01,Building01,1F,Area01,,,,,,,ns=2;s=UA-F-0176,,,
gw-001,opcua-01,opcua,UA-F-0177,Energy,Energy,Metering,false,5,kWh,999999,0,,1.0,opcua-server,OPCUA Server,Sensor,Site01,Building01,1F,Area01,,,,,,,ns=2;s=UA-F-0177,,,
gw-001,opcua-01,opcua,UA-F-0178,Illuminance,Illuminance,Measurement,false,5,lux,10000,0,,1.0,opcua-server,OPCUA Server,Sensor,Site01,Building01,1F,Area01,,,,,,,ns=2;s=UA-F-0178,,,
gw-001,opcua-01,opcua,UA-F-0179,Wind Speed,Wind Speed,Measurement,false,5,m/s,50,0,,1.0,opcua-server,OPCUA Server,Sensor,Site01,Building01,1F,Area01,,,,,,,ns=2;s=UA-F-0179,,,
gw-001,opcua-01,opcua,UA-F-0180,Pressure,Pressure,Measurement,false,5,bar,10,0,,1.0,opcua-server,OPCUA Server,Sensor,Site01,Building01,1F,Area01,,,,,,,ns=2;s=UA-F-0180,,,
gw-001,opcua-01,opcua,UA-F-0181,Temperature,Temperature,Measurement,false,5,degC,50,-10,,1.0,opcua-server,OPCUA Server,Sensor,Site01,Building01,1F,Area01,,,,,,,ns=2;s=UA-F-0181,,,
gw-001,opcua-01,opcua,UA-F-0182,Humidity,Humidity,Measurement,false,5,%RH,100,0,,1.0,opcua-server,OPCUA Server,Sensor,Site01,Building01,1F,Area01,,,,,,,ns=2;s=UA-F-0182,,,
gw-001,opcua-01,opcua,UA-F-0183,CO2 Concentration,CO2 Concentration,Measurement,false,5,ppm,5000,0,,1.0,opcua-server,OPCUA Server,Sensor,Site01,Building01,1F,Area01,,,,,,,ns=2;s=UA-F-0183,,,
gw-001,opcua-01,opcua,UA-F-0184,Differential Pressure,Differential Pressure,Measurement,false,5,Pa,1000,-1000,,1.0,opcua-server,OPCUA Server,Sensor,Site01,Building01,1F,Area01,,,,,,,ns=2;s=UA-F-0184,,,
gw-001,opcua-01,opcua,UA-F-0185,Flow Rate,Flow Rate,Measurement,false,5,m3/h,10000,0,,1.0,opcua-server,OPCUA Server,Sensor,Site01,Building01,1F,Area01,,,,,,,ns=2;s=UA-F-0185,,,
gw-001,opcua-01,opcua,UA-F-0186,Power,Power,Measurement,false,5,kW,1000,0,,1.0,opcua-server,OPCUA Server,Sensor,Site01,Building01,1F,Area01,,,,,,,ns=2;s=UA-F-0186,,,
gw-001,opcua-01,opcua,UA-F-0187,Energy,Energy,Metering,false,5,kWh,999999,0,,1.0,opcua-server,OPCUA Server,Sensor,Site01,Building01,1F,Area01,,,,,,,ns=2;s=UA-F-0187,,,
gw-001,opcua-01,opcua,UA-F-0188,Illuminance,Illuminance,Measurement,false,5,lux,10000,0,,1.0,opcua-server,OPCUA Server,Sensor,Site01,Building01,1F,Area01,,,,,,,ns=2;s=UA-F-0188,,,
gw-001,opcua-01,opcua,UA-F-0189,Wind Speed,Wind Speed,Measurement,false,5,m/s,50,0,,1.0,opcua-server,OPCUA Server,Sensor,Site01,Building01,1F,Area01,,,,,,,ns=2;s=UA-F-0189,,,
gw-001,opcua-01,opcua,UA-F-0190,Pressure,Pressure,Measurement,false,5,bar,10,0,,1.0,opcua-server,OPCUA Server,Sensor,Site01,Building01,1F,Area01,,,,,,,ns=2;s=UA-F-0190,,,
gw-001,opcua-01,opcua,UA-F-0191,Temperature,Temperature,Measurement,false,5,degC,50,-10,,1.0,opcua-server,OPCUA Server,Sensor,Site01,Building01,1F,Area01,,,,,,,ns=2;s=UA-F-0191,,,
gw-001,opcua-01,opcua,UA-F-0192,Humidity,Humidity,Measurement,false,5,%RH,100,0,,1.0,opcua-server,OPCUA Server,Sensor,Site01,Building01,1F,Area01,,,,,,,ns=2;s=UA-F-0192,,,
gw-001,opcua-01,opcua,UA-F-0193,CO2 Concentration,CO2 Concentration,Measurement,false,5,ppm,5000,0,,1.0,opcua-server,OPCUA Server,Sensor,Site01,Building01,1F,Area01,,,,,,,ns=2;s=UA-F-0193,,,
gw-001,opcua-01,opcua,UA-F-0194,Differential Pressure,Differential Pressure,Measurement,false,5,Pa,1000,-1000,,1.0,opcua-server,OPCUA Server,Sensor,Site01,Building01,1F,Area01,,,,,,,ns=2;s=UA-F-0194,,,
gw-001,opcua-01,opcua,UA-F-0195,Flow Rate,Flow Rate,Measurement,false,5,m3/h,10000,0,,1.0,opcua-server,OPCUA Server,Sensor,Site01,Building01,1F,Area01,,,,,,,ns=2;s=UA-F-0195,,,
gw-001,opcua-01,opcua,UA-F-0196,Power,Power,Measurement,false,5,kW,1000,0,,1.0,opcua-server,OPCUA Server,Sensor,Site01,Building01,1F,Area01,,,,,,,ns=2;s=UA-F-0196,,,
gw-001,opcua-01,opcua,UA-F-0197,Energy,Energy,Metering,false,5,kWh,999999,0,,1.0,opcua-server,OPCUA Server,Sensor,Site01,Building01,1F,Area01,,,,,,,ns=2;s=UA-F-0197,,,
gw-001,opcua-01,opcua,UA-F-0198,Illuminance,Illuminance,Measurement,false,5,lux,10000,0,,1.0,opcua-server,OPCUA Server,Sensor,Site01,Building01,1F,Area01,,,,,,,ns=2;s=UA-F-0198,,,
gw-001,opcua-01,opcua,UA-F-0199,Wind Speed,Wind Speed,Measurement,false,5,m/s,50,0,,1.0,opcua-server,OPCUA Server,Sensor,Site01,Building01,1F,Area01,,,,,,,ns=2;s=UA-F-0199,,,
gw-001,opcua-01,opcua,UA-F-0200,Pressure,Pressure,Measurement,false,5,bar,10,0,,1.0,opcua-server,OPCUA Server,Sensor,Site01,Building01,1F,Area01,,,,,,,ns=2;s=UA-F-0200,,,
gw-001,opcua-01,opcua,UA-F-0201,Temperature,Temperature,Measurement,false,5,degC,50,-10,,1.0,opcua-server,OPCUA Server,Sensor,Site01,Building01,1F,Area01,,,,,,,ns=2;s=UA-F-0201,,,
gw-001,opcua-01,opcua,UA-F-0202,Humidity,Humidity,Measurement,false,5,%RH,100,0,,1.0,opcua-server,OPCUA Server,Sensor,Site01,Building01,1F,Area01,,,,,,,ns=2;s=UA-F-0202,,,
gw-001,opcua-01,opcua,UA-F-0203,CO2 Concentration,CO2 Concentration,Measurement,false,5,ppm,5000,0,,1.0,opcua-server,OPCUA Server,Sensor,Site01,Building01,1F,Area01,,,,,,,ns=2;s=UA-F-0203,,,
gw-001,opcua-01,opcua,UA-F-0204,Differential Pressure,Differential Pressure,Measurement,false,5,Pa,1000,-1000,,1.0,opcua-server,OPCUA Server,Sensor,Site01,Building01,1F,Area01,,,,,,,ns=2;s=UA-F-0204,,,
gw-001,opcua-01,opcua,UA-F-0205,Flow Rate,Flow Rate,Measurement,false,5,m3/h,10000,0,,1.0,opcua-server,OPCUA Server,Sensor,Site01,Building01,1F,Area01,,,,,,,ns=2;s=UA-F-0205,,,
gw-001,opcua-01,opcua,UA-F-0206,Power,Power,Measurement,false,5,kW,1000,0,,1.0,opcua-server,OPCUA Server,Sensor,Site01,Building01,1F,Area01,,,,,,,ns=2;s=UA-F-0206,,,
gw-001,opcua-01,opcua,UA-F-0207,Energy,Energy,Metering,false,5,kWh,999999,0,,1.0,opcua-server,OPCUA Server,Sensor,Site01,Building01,1F,Area01,,,,,,,ns=2;s=UA-F-0207,,,
gw-001,opcua-01,opcua,UA-F-0208,Illuminance,Illuminance,Measurement,false,5,lux,10000,0,,1.0,opcua-server,OPCUA Server,Sensor,Site01,Building01,1F,Area01,,,,,,,ns=2;s=UA-F-0208,,,
gw-001,opcua-01,opcua,UA-F-0209,Wind Speed,Wind Speed,Measurement,false,5,m/s,50,0,,1.0,opcua-server,OPCUA Server,Sensor,Site01,Building01,1F,Area01,,,,,,,ns=2;s=UA-F-0209,,,
gw-001,opcua-01,opcua,UA-F-0210,Pressure,Pressure,Measurement,false,5,bar,10,0,,1.0,opcua-server,OPCUA Server,Sensor,Site01,Building01,1F,Area01,,,,,,,ns=2;s=UA-F-0210,,,
gw-001,opcua-01,opcua,UA-F-0211,Temperature,Temperature,Measurement,false,5,degC,50,-10,,1.0,opcua-server,OPCUA Server,Sensor,Site01,Building01,1F,Area01,,,,,,,ns=2;s=UA-F-0211,,,
gw-001,opcua-01,opcua,UA-F-0212,Humidity,Humidity,Measurement,false,5,%RH,100,0,,1.0,opcua-server,OPCUA Server,Sensor,Site01,Building01,1F,Area01,,,,,,,ns=2;s=UA-F-0212,,,
gw-001,opcua-01,opcua,UA-F-0213,CO2 Concentration,CO2 Concentration,Measurement,false,5,ppm,5000,0,,1.0,opcua-server,OPCUA Server,Sensor,Site01,Building01,1F,Area01,,,,,,,ns=2;s=UA-F-0213,,,
gw-001,opcua-01,opcua,UA-F-0214,Differential Pressure,Differential Pressure,Measurement,false,5,Pa,1000,-1000,,1.0,opcua-server,OPCUA Server,Sensor,Site01,Building01,1F,Area01,,,,,,,ns=2;s=UA-F-0214,,,
gw-001,opcua-01,opcua,UA-F-0215,Flow Rate,Flow Rate,Measurement,false,5,m3/h,10000,0,,1.0,opcua-server,OPCUA Server,Sensor,Site01,Building01,1F,Area01,,,,,,,ns=2;s=UA-F-0215,,,
gw-001,opcua-01,opcua,UA-F-0216,Power,Power,Measurement,false,5,kW,1000,0,,1.0,opcua-server,OPCUA Server,Sensor,Site01,Building01,1F,Area01,,,,,,,ns=2;s=UA-F-0216,,,
gw-001,opcua-01,opcua,UA-F-0217,Energy,Energy,Metering,false,5,kWh,999999,0,,1.0,opcua-server,OPCUA Server,Sensor,Site01,Building01,1F,Area01,,,,,,,ns=2;s=UA-F-0217,,,
gw-001,opcua-01,opcua,UA-F-0218,Illuminance,Illuminance,Measurement,false,5,lux,10000,0,,1.0,opcua-server,OPCUA Server,Sensor,Site01,Building01,1F,Area01,,,,,,,ns=2;s=UA-F-0218,,,
gw-001,opcua-01,opcua,UA-F-0219,Wind Speed,Wind Speed,Measurement,false,5,m/s,50,0,,1.0,opcua-server,OPCUA Server,Sensor,Site01,Building01,1F,Area01,,,,,,,ns=2;s=UA-F-0219,,,
gw-001,opcua-01,opcua,UA-F-0220,Pressure,Pressure,Measurement,false,5,bar,10,0,,1.0,opcua-server,OPCUA Server,Sensor,Site01,Building01,1F,Area01,,,,,,,ns=2;s=UA-F-0220,,,
gw-001,opcua-01,opcua,UA-F-0221,Temperature,Temperature,Measurement,false,5,degC,50,-10,,1.0,opcua-server,OPCUA Server,Sensor,Site01,Building01,1F,Area01,,,,,,,ns=2;s=UA-F-0221,,,
gw-001,opcua-01,opcua,UA-F-0222,Humidity,Humidity,Measurement,false,5,%RH,100,0,,1.0,opcua-server,OPCUA Server,Sensor,Site01,Building01,1F,Area01,,,,,,,ns=2;s=UA-F-0222,,,
gw-001,opcua-01,opcua,UA-F-0223,CO2 Concentration,CO2 Concentration,Measurement,false,5,ppm,5000,0,,1.0,opcua-server,OPCUA Server,Sensor,Site01,Building01,1F,Area01,,,,,,,ns=2;s=UA-F-0223,,,
gw-001,opcua-01,opcua,UA-F-0224,Differential Pressure,Differential Pressure,Measurement,false,5,Pa,1000,-1000,,1.0,opcua-server,OPCUA Server,Sensor,Site01,Building01,1F,Area01,,,,,,,ns=2;s=UA-F-0224,,,
gw-001,opcua-01,opcua,UA-F-0225,Flow Rate,Flow Rate,Measurement,false,5,m3/h,10000,0,,1.0,opcua-server,OPCUA Server,Sensor,Site01,Building01,1F,Area01,,,,,,,ns=2;s=UA-F-0225,,,
gw-001,opcua-01,opcua,UA-F-0226,Power,Power,Measurement,false,5,kW,1000,0,,1.0,opcua-server,OPCUA Server,Sensor,Site01,Building01,1F,Area01,,,,,,,ns=2;s=UA-F-0226,,,
gw-001,opcua-01,opcua,UA-F-0227,Energy,Energy,Metering,false,5,kWh,999999,0,,1.0,opcua-server,OPCUA Server,Sensor,Site01,Building01,1F,Area01,,,,,,,ns=2;s=UA-F-0227,,,
gw-001,opcua-01,opcua,UA-F-0228,Illuminance,Illuminance,Measurement,false,5,lux,10000,0,,1.0,opcua-server,OPCUA Server,Sensor,Site01,Building01,1F,Area01,,,,,,,ns=2;s=UA-F-0228,,,
gw-001,opcua-01,opcua,UA-F-0229,Wind Speed,Wind Speed,Measurement,false,5,m/s,50,0,,1.0,opcua-server,OPCUA Server,Sensor,Site01,Building01,1F,Area01,,,,,,,ns=2;s=UA-F-0229,,,
gw-001,opcua-01,opcua,UA-F-0230,Pressure,Pressure,Measurement,false,5,bar,10,0,,1.0,opcua-server,OPCUA Server,Sensor,Site01,Building01,1F,Area01,,,,,,,ns=2;s=UA-F-0230,,,
gw-001,opcua-01,opcua,UA-F-0231,Temperature,Temperature,Measurement,false,5,degC,50,-10,,1.0,opcua-server,OPCUA Server,Sensor,Site01,Building01,1F,Area01,,,,,,,ns=2;s=UA-F-0231,,,
gw-001,opcua-01,opcua,UA-F-0232,Humidity,Humidity,Measurement,false,5,%RH,100,0,,1.0,opcua-server,OPCUA Server,Sensor,Site01,Building01,1F,Area01,,,,,,,ns=2;s=UA-F-0232,,,
gw-001,opcua-01,opcua,UA-F-0233,CO2 Concentration,CO2 Concentration,Measurement,false,5,ppm,5000,0,,1.0,opcua-server,OPCUA Server,Sensor,Site01,Building01,1F,Area01,,,,,,,ns=2;s=UA-F-0233,,,
gw-001,opcua-01,opcua,UA-F-0234,Differential Pressure,Differential Pressure,Measurement,false,5,Pa,1000,-1000,,1.0,opcua-server,OPCUA Server,Sensor,Site01,Building01,1F,Area01,,,,,,,ns=2;s=UA-F-0234,,,
gw-001,opcua-01,opcua,UA-F-0235,Flow Rate,Flow Rate,Measurement,false,5,m3/h,10000,0,,1.0,opcua-server,OPCUA Server,Sensor,Site01,Building01,1F,Area01,,,,,,,ns=2;s=UA-F-0235,,,
gw-001,opcua-01,opcua,UA-F-0236,Power,Power,Measurement,false,5,kW,1000,0,,1.0,opcua-server,OPCUA Server,Sensor,Site01,Building01,1F,Area01,,,,,,,ns=2;s=UA-F-0236,,,
gw-001,opcua-01,opcua,UA-F-0237,Energy,Energy,Metering,false,5,kWh,999999,0,,1.0,opcua-server,OPCUA Server,Sensor,Site01,Building01,1F,Area01,,,,,,,ns=2;s=UA-F-0237,,,
gw-001,opcua-01,opcua,UA-F-0238,Illuminance,Illuminance,Measurement,false,5,lux,10000,0,,1.0,opcua-server,OPCUA Server,Sensor,Site01,Building01,1F,Area01,,,,,,,ns=2;s=UA-F-0238,,,
gw-001,opcua-01,opcua,UA-F-0239,Wind Speed,Wind Speed,Measurement,false,5,m/s,50,0,,1.0,opcua-server,OPCUA Server,Sensor,Site01,Building01,1F,Area01,,,,,,,ns=2;s=UA-F-0239,,,
gw-001,opcua-01,opcua,UA-F-0240,Pressure,Pressure,Measurement,false,5,bar,10,0,,1.0,opcua-server,OPCUA Server,Sensor,Site01,Building01,1F,Area01,,,,,,,ns=2;s=UA-F-0240,,,
gw-001,opcua-01,opcua,UA-F-0241,Temperature,Temperature,Measurement,false,5,degC,50,-10,,1.0,opcua-server,OPCUA Server,Sensor,Site01,Building01,1F,Area01,,,,,,,ns=2;s=UA-F-0241,,,
gw-001,opcua-01,opcua,UA-F-0242,Humidity,Humidity,Measurement,false,5,%RH,100,0,,1.0,opcua-server,OPCUA Server,Sensor,Site01,Building01,1F,Area01,,,,,,,ns=2;s=UA-F-0242,,,
gw-001,opcua-01,opcua,UA-F-0243,CO2 Concentration,CO2 Concentration,Measurement,false,5,ppm,5000,0,,1.0,opcua-server,OPCUA Server,Sensor,Site01,Building01,1F,Area01,,,,,,,ns=2;s=UA-F-0243,,,
gw-001,opcua-01,opcua,UA-F-0244,Differential Pressure,Differential Pressure,Measurement,false,5,Pa,1000,-1000,,1.0,opcua-server,OPCUA Server,Sensor,Site01,Building01,1F,Area01,,,,,,,ns=2;s=UA-F-0244,,,
gw-001,opcua-01,opcua,UA-F-0245,Flow Rate,Flow Rate,Measurement,false,5,m3/h,10000,0,,1.0,opcua-server,OPCUA Server,Sensor,Site01,Building01,1F,Area01,,,,,,,ns=2;s=UA-F-0245,,,
gw-001,opcua-01,opcua,UA-F-0246,Power,Power,Measurement,false,5,kW,1000,0,,1.0,opcua-server,OPCUA Server,Sensor,Site01,Building01,1F,Area01,,,,,,,ns=2;s=UA-F-0246,,,
gw-001,opcua-01,opcua,UA-F-0247,Energy,Energy,Metering,false,5,kWh,999999,0,,1.0,opcua-server,OPCUA Server,Sensor,Site01,Building01,1F,Area01,,,,,,,ns=2;s=UA-F-0247,,,
gw-001,opcua-01,opcua,UA-F-0248,Illuminance,Illuminance,Measurement,false,5,lux,10000,0,,1.0,opcua-server,OPCUA Server,Sensor,Site01,Building01,1F,Area01,,,,,,,ns=2;s=UA-F-0248,,,
gw-001,opcua-01,opcua,UA-F-0249,Wind Speed,Wind Speed,Measurement,false,5,m/s,50,0,,1.0,opcua-server,OPCUA Server,Sensor,Site01,Building01,1F,Area01,,,,,,,ns=2;s=UA-F-0249,,,
gw-001,opcua-01,opcua,UA-F-0250,Pressure,Pressure,Measurement,false,5,bar,10,0,,1.0,opcua-server,OPCUA Server,Sensor,Site01,Building01,1F,Area01,,,,,,,ns=2;s=UA-F-0250,,,
gw-001,opcua-01,opcua,UA-F-0251,Temperature,Temperature,Measurement,false,5,degC,50,-10,,1.0,opcua-server,OPCUA Server,Sensor,Site01,Building01,1F,Area01,,,,,,,ns=2;s=UA-F-0251,,,
gw-001,opcua-01,opcua,UA-F-0252,Humidity,Humidity,Measurement,false,5,%RH,100,0,,1.0,opcua-server,OPCUA Server,Sensor,Site01,Building01,1F,Area01,,,,,,,ns=2;s=UA-F-0252,,,
gw-001,opcua-01,opcua,UA-F-0253,CO2 Concentration,CO2 Concentration,Measurement,false,5,ppm,5000,0,,1.0,opcua-server,OPCUA Server,Sensor,Site01,Building01,1F,Area01,,,,,,,ns=2;s=UA-F-0253,,,
gw-001,opcua-01,opcua,UA-F-0254,Differential Pressure,Differential Pressure,Measurement,false,5,Pa,1000,-1000,,1.0,opcua-server,OPCUA Server,Sensor,Site01,Building01,1F,Area01,,,,,,,ns=2;s=UA-F-0254,,,
gw-001,opcua-01,opcua,UA-F-0255,Flow Rate,Flow Rate,Measurement,false,5,m3/h,10000,0,,1.0,opcua-server,OPCUA Server,Sensor,Site01,Building01,1F,Area01,,,,,,,ns=2;s=UA-F-0255,,,
gw-001,opcua-01,opcua,UA-F-0256,Power,Power,Measurement,false,5,kW,1000,0,,1.0,opcua-server,OPCUA Server,Sensor,Site01,Building01,1F,Area01,,,,,,,ns=2;s=UA-F-0256,,,
gw-001,opcua-01,opcua,UA-F-0257,Energy,Energy,Metering,false,5,kWh,999999,0,,1.0,opcua-server,OPCUA Server,Sensor,Site01,Building01,1F,Area01,,,,,,,ns=2;s=UA-F-0257,,,
gw-001,opcua-01,opcua,UA-F-0258,Illuminance,Illuminance,Measurement,false,5,lux,10000,0,,1.0,opcua-server,OPCUA Server,Sensor,Site01,Building01,1F,Area01,,,,,,,ns=2;s=UA-F-0258,,,
gw-001,opcua-01,opcua,UA-F-0259,Wind Speed,Wind Speed,Measurement,false,5,m/s,50,0,,1.0,opcua-server,OPCUA Server,Sensor,Site01,Building01,1F,Area01,,,,,,,ns=2;s=UA-F-0259,,,
gw-001,opcua-01,opcua,UA-F-0260,Pressure,Pressure,Measurement,false,5,bar,10,0,,1.0,opcua-server,OPCUA Server,Sensor,Site01,Building01,1F,Area01,,,,,,,ns=2;s=UA-F-0260,,,
gw-001,opcua-01,opcua,UA-F-0261,Temperature,Temperature,Measurement,false,5,degC,50,-10,,1.0,opcua-server,OPCUA Server,Sensor,Site01,Building01,1F,Area01,,,,,,,ns=2;s=UA-F-0261,,,
gw-001,opcua-01,opcua,UA-F-0262,Humidity,Humidity,Measurement,false,5,%RH,100,0,,1.0,opcua-server,OPCUA Server,Sensor,Site01,Building01,1F,Area01,,,,,,,ns=2;s=UA-F-0262,,,
gw-001,opcua-01,opcua,UA-F-0263,CO2 Concentration,CO2 Concentration,Measurement,false,5,ppm,5000,0,,1.0,opcua-server,OPCUA Server,Sensor,Site01,Building01,1F,Area01,,,,,,,ns=2;s=UA-F-0263,,,
gw-001,opcua-01,opcua,UA-F-0264,Differential Pressure,Differential Pressure,Measurement,false,5,Pa,1000,-1000,,1.0,opcua-server,OPCUA Server,Sensor,Site01,Building01,1F,Area01,,,,,,,ns=2;s=UA-F-0264,,,
gw-001,opcua-01,opcua,UA-F-0265,Flow Rate,Flow Rate,Measurement,false,5,m3/h,10000,0,,1.0,opcua-server,OPCUA Server,Sensor,Site01,Building01,1F,Area01,,,,,,,ns=2;s=UA-F-0265,,,
gw-001,opcua-01,opcua,UA-F-0266,Power,Power,Measurement,false,5,kW,1000,0,,1.0,opcua-server,OPCUA Server,Sensor,Site01,Building01,1F,Area01,,,,,,,ns=2;s=UA-F-0266,,,
gw-001,opcua-01,opcua,UA-F-0267,Energy,Energy,Metering,false,5,kWh,999999,0,,1.0,opcua-server,OPCUA Server,Sensor,Site01,Building01,1F,Area01,,,,,,,ns=2;s=UA-F-0267,,,
gw-001,opcua-01,opcua,UA-F-0268,Illuminance,Illuminance,Measurement,false,5,lux,10000,0,,1.0,opcua-server,OPCUA Server,Sensor,Site01,Building01,1F,Area01,,,,,,,ns=2;s=UA-F-0268,,,
gw-001,opcua-01,opcua,UA-F-0269,Wind Speed,Wind Speed,Measurement,false,5,m/s,50,0,,1.0,opcua-server,OPCUA Server,Sensor,Site01,Building01,1F,Area01,,,,,,,ns=2;s=UA-F-0269,,,
gw-001,opcua-01,opcua,UA-F-0270,Pressure,Pressure,Measurement,false,5,bar,10,0,,1.0,opcua-server,OPCUA Server,Sensor,Site01,Building01,1F,Area01,,,,,,,ns=2;s=UA-F-0270,,,
gw-001,opcua-01,opcua,UA-F-0271,Temperature,Temperature,Measurement,false,5,degC,50,-10,,1.0,opcua-server,OPCUA Server,Sensor,Site01,Building01,1F,Area01,,,,,,,ns=2;s=UA-F-0271,,,
gw-001,opcua-01,opcua,UA-F-0272,Humidity,Humidity,Measurement,false,5,%RH,100,0,,1.0,opcua-server,OPCUA Server,Sensor,Site01,Building01,1F,Area01,,,,,,,ns=2;s=UA-F-0272,,,
gw-001,opcua-01,opcua,UA-F-0273,CO2 Concentration,CO2 Concentration,Measurement,false,5,ppm,5000,0,,1.0,opcua-server,OPCUA Server,Sensor,Site01,Building01,1F,Area01,,,,,,,ns=2;s=UA-F-0273,,,
gw-001,opcua-01,opcua,UA-F-0274,Differential Pressure,Differential Pressure,Measurement,false,5,Pa,1000,-1000,,1.0,opcua-server,OPCUA Server,Sensor,Site01,Building01,1F,Area01,,,,,,,ns=2;s=UA-F-0274,,,
gw-001,opcua-01,opcua,UA-F-0275,Flow Rate,Flow Rate,Measurement,false,5,m3/h,10000,0,,1.0,opcua-server,OPCUA Server,Sensor,Site01,Building01,1F,Area01,,,,,,,ns=2;s=UA-F-0275,,,
gw-001,opcua-01,opcua,UA-F-0276,Power,Power,Measurement,false,5,kW,1000,0,,1.0,opcua-server,OPCUA Server,Sensor,Site01,Building01,1F,Area01,,,,,,,ns=2;s=UA-F-0276,,,
gw-001,opcua-01,opcua,UA-F-0277,Energy,Energy,Metering,false,5,kWh,999999,0,,1.0,opcua-server,OPCUA Server,Sensor,Site01,Building01,1F,Area01,,,,,,,ns=2;s=UA-F-0277,,,
gw-001,opcua-01,opcua,UA-F-0278,Illuminance,Illuminance,Measurement,false,5,lux,10000,0,,1.0,opcua-server,OPCUA Server,Sensor,Site01,Building01,1F,Area01,,,,,,,ns=2;s=UA-F-0278,,,
gw-001,opcua-01,opcua,UA-F-0279,Wind Speed,Wind Speed,Measurement,false,5,m/s,50,0,,1.0,opcua-server,OPCUA Server,Sensor,Site01,Building01,1F,Area01,,,,,,,ns=2;s=UA-F-0279,,,
gw-001,opcua-01,opcua,UA-F-0280,Pressure,Pressure,Measurement,false,5,bar,10,0,,1.0,opcua-server,OPCUA Server,Sensor,Site01,Building01,1F,Area01,,,,,,,ns=2;s=UA-F-0280,,,
gw-001,opcua-01,opcua,UA-F-0281,Temperature,Temperature,Measurement,false,5,degC,50,-10,,1.0,opcua-server,OPCUA Server,Sensor,Site01,Building01,1F,Area01,,,,,,,ns=2;s=UA-F-0281,,,
gw-001,opcua-01,opcua,UA-F-0282,Humidity,Humidity,Measurement,false,5,%RH,100,0,,1.0,opcua-server,OPCUA Server,Sensor,Site01,Building01,1F,Area01,,,,,,,ns=2;s=UA-F-0282,,,
gw-001,opcua-01,opcua,UA-F-0283,CO2 Concentration,CO2 Concentration,Measurement,false,5,ppm,5000,0,,1.0,opcua-server,OPCUA Server,Sensor,Site01,Building01,1F,Area01,,,,,,,ns=2;s=UA-F-0283,,,
gw-001,opcua-01,opcua,UA-F-0284,Differential Pressure,Differential Pressure,Measurement,false,5,Pa,1000,-1000,,1.0,opcua-server,OPCUA Server,Sensor,Site01,Building01,1F,Area01,,,,,,,ns=2;s=UA-F-0284,,,
gw-001,opcua-01,opcua,UA-F-0285,Flow Rate,Flow Rate,Measurement,false,5,m3/h,10000,0,,1.0,opcua-server,OPCUA Server,Sensor,Site01,Building01,1F,Area01,,,,,,,ns=2;s=UA-F-0285,,,
gw-001,opcua-01,opcua,UA-F-0286,Power,Power,Measurement,false,5,kW,1000,0,,1.0,opcua-server,OPCUA Server,Sensor,Site01,Building01,1F,Area01,,,,,,,ns=2;s=UA-F-0286,,,
gw-001,opcua-01,opcua,UA-F-0287,Energy,Energy,Metering,false,5,kWh,999999,0,,1.0,opcua-server,OPCUA Server,Sensor,Site01,Building01,1F,Area01,,,,,,,ns=2;s=UA-F-0287,,,
gw-001,opcua-01,opcua,UA-F-0288,Illuminance,Illuminance,Measurement,false,5,lux,10000,0,,1.0,opcua-server,OPCUA Server,Sensor,Site01,Building01,1F,Area01,,,,,,,ns=2;s=UA-F-0288,,,
gw-001,opcua-01,opcua,UA-F-0289,Wind Speed,Wind Speed,Measurement,false,5,m/s,50,0,,1.0,opcua-server,OPCUA Server,Sensor,Site01,Building01,1F,Area01,,,,,,,ns=2;s=UA-F-0289,,,
gw-001,opcua-01,opcua,UA-F-0290,Pressure,Pressure,Measurement,false,5,bar,10,0,,1.0,opcua-server,OPCUA Server,Sensor,Site01,Building01,1F,Area01,,,,,,,ns=2;s=UA-F-0290,,,
gw-001,opcua-01,opcua,UA-F-0291,Temperature,Temperature,Measurement,false,5,degC,50,-10,,1.0,opcua-server,OPCUA Server,Sensor,Site01,Building01,1F,Area01,,,,,,,ns=2;s=UA-F-0291,,,
gw-001,opcua-01,opcua,UA-F-0292,Humidity,Humidity,Measurement,false,5,%RH,100,0,,1.0,opcua-server,OPCUA Server,Sensor,Site01,Building01,1F,Area01,,,,,,,ns=2;s=UA-F-0292,,,
gw-001,opcua-01,opcua,UA-F-0293,CO2 Concentration,CO2 Concentration,Measurement,false,5,ppm,5000,0,,1.0,opcua-server,OPCUA Server,Sensor,Site01,Building01,1F,Area01,,,,,,,ns=2;s=UA-F-0293,,,
gw-001,opcua-01,opcua,UA-F-0294,Differential Pressure,Differential Pressure,Measurement,false,5,Pa,1000,-1000,,1.0,opcua-server,OPCUA Server,Sensor,Site01,Building01,1F,Area01,,,,,,,ns=2;s=UA-F-0294,,,
gw-001,opcua-01,opcua,UA-F-0295,Flow Rate,Flow Rate,Measurement,false,5,m3/h,10000,0,,1.0,opcua-server,OPCUA Server,Sensor,Site01,Building01,1F,Area01,,,,,,,ns=2;s=UA-F-0295,,,
gw-001,opcua-01,opcua,UA-F-0296,Power,Power,Measurement,false,5,kW,1000,0,,1.0,opcua-server,OPCUA Server,Sensor,Site01,Building01,1F,Area01,,,,,,,ns=2;s=UA-F-0296,,,
gw-001,opcua-01,opcua,UA-F-0297,Energy,Energy,Metering,false,5,kWh,999999,0,,1.0,opcua-server,OPCUA Server,Sensor,Site01,Building01,1F,Area01,,,,,,,ns=2;s=UA-F-0297,,,
gw-001,opcua-01,opcua,UA-F-0298,Illuminance,Illuminance,Measurement,false,5,lux,10000,0,,1.0,opcua-server,OPCUA Server,Sensor,Site01,Building01,1F,Area01,,,,,,,ns=2;s=UA-F-0298,,,
gw-001,opcua-01,opcua,UA-F-0299,Wind Speed,Wind Speed,Measurement,false,5,m/s,50,0,,1.0,opcua-server,OPCUA Server,Sensor,Site01,Building01,1F,Area01,,,,,,,ns=2;s=UA-F-0299,,,
gw-001,opcua-01,opcua,UA-F-0300,Pressure,Pressure,Measurement,false,5,bar,10,0,,1.0,opcua-server,OPCUA Server,Sensor,Site01,Building01,1F,Area01,,,,,,,ns=2;s=UA-F-0300,,,
gw-001,opcua-01,opcua,UA-F-0301,Temperature,Temperature,Measurement,false,5,degC,50,-10,,1.0,opcua-server,OPCUA Server,Sensor,Site01,Building01,1F,Area01,,,,,,,ns=2;s=UA-F-0301,,,
gw-001,opcua-01,opcua,UA-F-0302,Humidity,Humidity,Measurement,false,5,%RH,100,0,,1.0,opcua-server,OPCUA Server,Sensor,Site01,Building01,1F,Area01,,,,,,,ns=2;s=UA-F-0302,,,
gw-001,opcua-01,opcua,UA-F-0303,CO2 Concentration,CO2 Concentration,Measurement,false,5,ppm,5000,0,,1.0,opcua-server,OPCUA Server,Sensor,Site01,Building01,1F,Area01,,,,,,,ns=2;s=UA-F-0303,,,
gw-001,opcua-01,opcua,UA-F-0304,Differential Pressure,Differential Pressure,Measurement,false,5,Pa,1000,-1000,,1.0,opcua-server,OPCUA Server,Sensor,Site01,Building01,1F,Area01,,,,,,,ns=2;s=UA-F-0304,,,
gw-001,opcua-01,opcua,UA-F-0305,Flow Rate,Flow Rate,Measurement,false,5,m3/h,10000,0,,1.0,opcua-server,OPCUA Server,Sensor,Site01,Building01,1F,Area01,,,,,,,ns=2;s=UA-F-0305,,,
gw-001,opcua-01,opcua,UA-F-0306,Power,Power,Measurement,false,5,kW,1000,0,,1.0,opcua-server,OPCUA Server,Sensor,Site01,Building01,1F,Area01,,,,,,,ns=2;s=UA-F-0306,,,
gw-001,opcua-01,opcua,UA-F-0307,Energy,Energy,Metering,false,5,kWh,999999,0,,1.0,opcua-server,OPCUA Server,Sensor,Site01,Building01,1F,Area01,,,,,,,ns=2;s=UA-F-0307,,,
gw-001,opcua-01,opcua,UA-F-0308,Illuminance,Illuminance,Measurement,false,5,lux,10000,0,,1.0,opcua-server,OPCUA Server,Sensor,Site01,Building01,1F,Area01,,,,,,,ns=2;s=UA-F-0308,,,
gw-001,opcua-01,opcua,UA-F-0309,Wind Speed,Wind Speed,Measurement,false,5,m/s,50,0,,1.0,opcua-server,OPCUA Server,Sensor,Site01,Building01,1F,Area01,,,,,,,ns=2;s=UA-F-0309,,,
gw-001,opcua-01,opcua,UA-F-0310,Pressure,Pressure,Measurement,false,5,bar,10,0,,1.0,opcua-server,OPCUA Server,Sensor,Site01,Building01,1F,Area01,,,,,,,ns=2;s=UA-F-0310,,,
gw-001,opcua-01,opcua,UA-F-0311,Temperature,Temperature,Measurement,false,5,degC,50,-10,,1.0,opcua-server,OPCUA Server,Sensor,Site01,Building01,1F,Area01,,,,,,,ns=2;s=UA-F-0311,,,
gw-001,opcua-01,opcua,UA-F-0312,Humidity,Humidity,Measurement,false,5,%RH,100,0,,1.0,opcua-server,OPCUA Server,Sensor,Site01,Building01,1F,Area01,,,,,,,ns=2;s=UA-F-0312,,,
gw-001,opcua-01,opcua,UA-F-0313,CO2 Concentration,CO2 Concentration,Measurement,false,5,ppm,5000,0,,1.0,opcua-server,OPCUA Server,Sensor,Site01,Building01,1F,Area01,,,,,,,ns=2;s=UA-F-0313,,,
gw-001,opcua-01,opcua,UA-F-0314,Differential Pressure,Differential Pressure,Measurement,false,5,Pa,1000,-1000,,1.0,opcua-server,OPCUA Server,Sensor,Site01,Building01,1F,Area01,,,,,,,ns=2;s=UA-F-0314,,,
gw-001,opcua-01,opcua,UA-F-0315,Flow Rate,Flow Rate,Measurement,false,5,m3/h,10000,0,,1.0,opcua-server,OPCUA Server,Sensor,Site01,Building01,1F,Area01,,,,,,,ns=2;s=UA-F-0315,,,
gw-001,opcua-01,opcua,UA-F-0316,Power,Power,Measurement,false,5,kW,1000,0,,1.0,opcua-server,OPCUA Server,Sensor,Site01,Building01,1F,Area01,,,,,,,ns=2;s=UA-F-0316,,,
gw-001,opcua-01,opcua,UA-F-0317,Energy,Energy,Metering,false,5,kWh,999999,0,,1.0,opcua-server,OPCUA Server,Sensor,Site01,Building01,1F,Area01,,,,,,,ns=2;s=UA-F-0317,,,
gw-001,opcua-01,opcua,UA-F-0318,Illuminance,Illuminance,Measurement,false,5,lux,10000,0,,1.0,opcua-server,OPCUA Server,Sensor,Site01,Building01,1F,Area01,,,,,,,ns=2;s=UA-F-0318,,,
gw-001,opcua-01,opcua,UA-F-0319,Wind Speed,Wind Speed,Measurement,false,5,m/s,50,0,,1.0,opcua-server,OPCUA Server,Sensor,Site01,Building01,1F,Area01,,,,,,,ns=2;s=UA-F-0319,,,
gw-001,opcua-01,opcua,UA-F-0320,Pressure,Pressure,Measurement,false,5,bar,10,0,,1.0,opcua-server,OPCUA Server,Sensor,Site01,Building01,1F,Area01,,,,,,,ns=2;s=UA-F-0320,,,
gw-001,opcua-01,opcua,UA-F-0321,Temperature,Temperature,Measurement,false,5,degC,50,-10,,1.0,opcua-server,OPCUA Server,Sensor,Site01,Building01,1F,Area01,,,,,,,ns=2;s=UA-F-0321,,,
gw-001,opcua-01,opcua,UA-F-0322,Humidity,Humidity,Measurement,false,5,%RH,100,0,,1.0,opcua-server,OPCUA Server,Sensor,Site01,Building01,1F,Area01,,,,,,,ns=2;s=UA-F-0322,,,
gw-001,opcua-01,opcua,UA-F-0323,CO2 Concentration,CO2 Concentration,Measurement,false,5,ppm,5000,0,,1.0,opcua-server,OPCUA Server,Sensor,Site01,Building01,1F,Area01,,,,,,,ns=2;s=UA-F-0323,,,
gw-001,opcua-01,opcua,UA-F-0324,Differential Pressure,Differential Pressure,Measurement,false,5,Pa,1000,-1000,,1.0,opcua-server,OPCUA Server,Sensor,Site01,Building01,1F,Area01,,,,,,,ns=2;s=UA-F-0324,,,
gw-001,opcua-01,opcua,UA-F-0325,Flow Rate,Flow Rate,Measurement,false,5,m3/h,10000,0,,1.0,opcua-server,OPCUA Server,Sensor,Site01,Building01,1F,Area01,,,,,,,ns=2;s=UA-F-0325,,,
gw-001,opcua-01,opcua,UA-F-0326,Power,Power,Measurement,false,5,kW,1000,0,,1.0,opcua-server,OPCUA Server,Sensor,Site01,Building01,1F,Area01,,,,,,,ns=2;s=UA-F-0326,,,
gw-001,opcua-01,opcua,UA-F-0327,Energy,Energy,Metering,false,5,kWh,999999,0,,1.0,opcua-server,OPCUA Server,Sensor,Site01,Building01,1F,Area01,,,,,,,ns=2;s=UA-F-0327,,,
gw-001,opcua-01,opcua,UA-F-0328,Illuminance,Illuminance,Measurement,false,5,lux,10000,0,,1.0,opcua-server,OPCUA Server,Sensor,Site01,Building01,1F,Area01,,,,,,,ns=2;s=UA-F-0328,,,
gw-001,opcua-01,opcua,UA-F-0329,Wind Speed,Wind Speed,Measurement,false,5,m/s,50,0,,1.0,opcua-server,OPCUA Server,Sensor,Site01,Building01,1F,Area01,,,,,,,ns=2;s=UA-F-0329,,,
gw-001,opcua-01,opcua,UA-F-0330,Pressure,Pressure,Measurement,false,5,bar,10,0,,1.0,opcua-server,OPCUA Server,Sensor,Site01,Building01,1F,Area01,,,,,,,ns=2;s=UA-F-0330,,,
gw-001,opcua-01,opcua,UA-F-0331,Temperature,Temperature,Measurement,false,5,degC,50,-10,,1.0,opcua-server,OPCUA Server,Sensor,Site01,Building01,1F,Area01,,,,,,,ns=2;s=UA-F-0331,,,
gw-001,opcua-01,opcua,UA-F-0332,Humidity,Humidity,Measurement,false,5,%RH,100,0,,1.0,opcua-server,OPCUA Server,Sensor,Site01,Building01,1F,Area01,,,,,,,ns=2;s=UA-F-0332,,,
gw-001,opcua-01,opcua,UA-F-0333,CO2 Concentration,CO2 Concentration,Measurement,false,5,ppm,5000,0,,1.0,opcua-server,OPCUA Server,Sensor,Site01,Building01,1F,Area01,,,,,,,ns=2;s=UA-F-0333,,,
gw-001,opcua-01,opcua,UA-F-0334,Differential Pressure,Differential Pressure,Measurement,false,5,Pa,1000,-1000,,1.0,opcua-server,OPCUA Server,Sensor,Site01,Building01,1F,Area01,,,,,,,ns=2;s=UA-F-0334,,,
gw-001,opcua-01,opcua,UA-F-0335,Flow Rate,Flow Rate,Measurement,false,5,m3/h,10000,0,,1.0,opcua-server,OPCUA Server,Sensor,Site01,Building01,1F,Area01,,,,,,,ns=2;s=UA-F-0335,,,
gw-001,opcua-01,opcua,UA-F-0336,Power,Power,Measurement,false,5,kW,1000,0,,1.0,opcua-server,OPCUA Server,Sensor,Site01,Building01,1F,Area01,,,,,,,ns=2;s=UA-F-0336,,,
gw-001,opcua-01,opcua,UA-F-0337,Energy,Energy,Metering,false,5,kWh,999999,0,,1.0,opcua-server,OPCUA Server,Sensor,Site01,Building01,1F,Area01,,,,,,,ns=2;s=UA-F-0337,,,
gw-001,opcua-01,opcua,UA-F-0338,Illuminance,Illuminance,Measurement,false,5,lux,10000,0,,1.0,opcua-server,OPCUA Server,Sensor,Site01,Building01,1F,Area01,,,,,,,ns=2;s=UA-F-0338,,,
gw-001,opcua-01,opcua,UA-F-0339,Wind Speed,Wind Speed,Measurement,false,5,m/s,50,0,,1.0,opcua-server,OPCUA Server,Sensor,Site01,Building01,1F,Area01,,,,,,,ns=2;s=UA-F-0339,,,
gw-001,opcua-01,opcua,UA-F-0340,Pressure,Pressure,Measurement,false,5,bar,10,0,,1.0,opcua-server,OPCUA Server,Sensor,Site01,Building01,1F,Area01,,,,,,,ns=2;s=UA-F-0340,,,
gw-001,opcua-01,opcua,UA-F-0341,Temperature,Temperature,Measurement,false,5,degC,50,-10,,1.0,opcua-server,OPCUA Server,Sensor,Site01,Building01,1F,Area01,,,,,,,ns=2;s=UA-F-0341,,,
gw-001,opcua-01,opcua,UA-F-0342,Humidity,Humidity,Measurement,false,5,%RH,100,0,,1.0,opcua-server,OPCUA Server,Sensor,Site01,Building01,1F,Area01,,,,,,,ns=2;s=UA-F-0342,,,
gw-001,opcua-01,opcua,UA-F-0343,CO2 Concentration,CO2 Concentration,Measurement,false,5,ppm,5000,0,,1.0,opcua-server,OPCUA Server,Sensor,Site01,Building01,1F,Area01,,,,,,,ns=2;s=UA-F-0343,,,
gw-001,opcua-01,opcua,UA-F-0344,Differential Pressure,Differential Pressure,Measurement,false,5,Pa,1000,-1000,,1.0,opcua-server,OPCUA Server,Sensor,Site01,Building01,1F,Area01,,,,,,,ns=2;s=UA-F-0344,,,
gw-001,opcua-01,opcua,UA-F-0345,Flow Rate,Flow Rate,Measurement,false,5,m3/h,10000,0,,1.0,opcua-server,OPCUA Server,Sensor,Site01,Building01,1F,Area01,,,,,,,ns=2;s=UA-F-0345,,,
gw-001,opcua-01,opcua,UA-F-0346,Power,Power,Measurement,false,5,kW,1000,0,,1.0,opcua-server,OPCUA Server,Sensor,Site01,Building01,1F,Area01,,,,,,,ns=2;s=UA-F-0346,,,
gw-001,opcua-01,opcua,UA-F-0347,Energy,Energy,Metering,false,5,kWh,999999,0,,1.0,opcua-server,OPCUA Server,Sensor,Site01,Building01,1F,Area01,,,,,,,ns=2;s=UA-F-0347,,,
gw-001,opcua-01,opcua,UA-F-0348,Illuminance,Illuminance,Measurement,false,5,lux,10000,0,,1.0,opcua-server,OPCUA Server,Sensor,Site01,Building01,1F,Area01,,,,,,,ns=2;s=UA-F-0348,,,
gw-001,opcua-01,opcua,UA-F-0349,Wind Speed,Wind Speed,Measurement,false,5,m/s,50,0,,1.0,opcua-server,OPCUA Server,Sensor,Site01,Building01,1F,Area01,,,,,,,ns=2;s=UA-F-0349,,,
gw-001,opcua-01,opcua,UA-F-0350,Pressure,Pressure,Measurement,false,5,bar,10,0,,1.0,opcua-server,OPCUA Server,Sensor,Site01,Building01,1F,Area01,,,,,,,ns=2;s=UA-F-0350,,,
gw-001,opcua-01,opcua,UA-F-0351,Temperature,Temperature,Measurement,false,5,degC,50,-10,,1.0,opcua-server,OPCUA Server,Sensor,Site01,Building01,1F,Area01,,,,,,,ns=2;s=UA-F-0351,,,
gw-001,opcua-01,opcua,UA-F-0352,Humidity,Humidity,Measurement,false,5,%RH,100,0,,1.0,opcua-server,OPCUA Server,Sensor,Site01,Building01,1F,Area01,,,,,,,ns=2;s=UA-F-0352,,,
gw-001,opcua-01,opcua,UA-F-0353,CO2 Concentration,CO2 Concentration,Measurement,false,5,ppm,5000,0,,1.0,opcua-server,OPCUA Server,Sensor,Site01,Building01,1F,Area01,,,,,,,ns=2;s=UA-F-0353,,,
gw-001,opcua-01,opcua,UA-F-0354,Differential Pressure,Differential Pressure,Measurement,false,5,Pa,1000,-1000,,1.0,opcua-server,OPCUA Server,Sensor,Site01,Building01,1F,Area01,,,,,,,ns=2;s=UA-F-0354,,,
gw-001,opcua-01,opcua,UA-F-0355,Flow Rate,Flow Rate,Measurement,false,5,m3/h,10000,0,,1.0,opcua-server,OPCUA Server,Sensor,Site01,Building01,1F,Area01,,,,,,,ns=2;s=UA-F-0355,,,
gw-001,opcua-01,opcua,UA-F-0356,Power,Power,Measurement,false,5,kW,1000,0,,1.0,opcua-server,OPCUA Server,Sensor,Site01,Building01,1F,Area01,,,,,,,ns=2;s=UA-F-0356,,,
gw-001,opcua-01,opcua,UA-F-0357,Energy,Energy,Metering,false,5,kWh,999999,0,,1.0,opcua-server,OPCUA Server,Sensor,Site01,Building01,1F,Area01,,,,,,,ns=2;s=UA-F-0357,,,
gw-001,opcua-01,opcua,UA-F-0358,Illuminance,Illuminance,Measurement,false,5,lux,10000,0,,1.0,opcua-server,OPCUA Server,Sensor,Site01,Building01,1F,Area01,,,,,,,ns=2;s=UA-F-0358,,,
gw-001,opcua-01,opcua,UA-F-0359,Wind Speed,Wind Speed,Measurement,false,5,m/s,50,0,,1.0,opcua-server,OPCUA Server,Sensor,Site01,Building01,1F,Area01,,,,,,,ns=2;s=UA-F-0359,,,
gw-001,opcua-01,opcua,UA-F-0360,Pressure,Pressure,Measurement,false,5,bar,10,0,,1.0,opcua-server,OPCUA Server,Sensor,Site01,Building01,1F,Area01,,,,,,,ns=2;s=UA-F-0360,,,
gw-001,opcua-01,opcua,UA-F-0361,Temperature,Temperature,Measurement,false,5,degC,50,-10,,1.0,opcua-server,OPCUA Server,Sensor,Site01,Building01,1F,Area01,,,,,,,ns=2;s=UA-F-0361,,,
gw-001,opcua-01,opcua,UA-F-0362,Humidity,Humidity,Measurement,false,5,%RH,100,0,,1.0,opcua-server,OPCUA Server,Sensor,Site01,Building01,1F,Area01,,,,,,,ns=2;s=UA-F-0362,,,
gw-001,opcua-01,opcua,UA-F-0363,CO2 Concentration,CO2 Concentration,Measurement,false,5,ppm,5000,0,,1.0,opcua-server,OPCUA Server,Sensor,Site01,Building01,1F,Area01,,,,,,,ns=2;s=UA-F-0363,,,
gw-001,opcua-01,opcua,UA-F-0364,Differential Pressure,Differential Pressure,Measurement,false,5,Pa,1000,-1000,,1.0,opcua-server,OPCUA Server,Sensor,Site01,Building01,1F,Area01,,,,,,,ns=2;s=UA-F-0364,,,
gw-001,opcua-01,opcua,UA-F-0365,Flow Rate,Flow Rate,Measurement,false,5,m3/h,10000,0,,1.0,opcua-server,OPCUA Server,Sensor,Site01,Building01,1F,Area01,,,,,,,ns=2;s=UA-F-0365,,,
gw-001,opcua-01,opcua,UA-F-0366,Power,Power,Measurement,false,5,kW,1000,0,,1.0,opcua-server,OPCUA Server,Sensor,Site01,Building01,1F,Area01,,,,,,,ns=2;s=UA-F-0366,,,
gw-001,opcua-01,opcua,UA-F-0367,Energy,Energy,Metering,false,5,kWh,999999,0,,1.0,opcua-server,OPCUA Server,Sensor,Site01,Building01,1F,Area01,,,,,,,ns=2;s=UA-F-0367,,,
gw-001,opcua-01,opcua,UA-F-0368,Illuminance,Illuminance,Measurement,false,5,lux,10000,0,,1.0,opcua-server,OPCUA Server,Sensor,Site01,Building01,1F,Area01,,,,,,,ns=2;s=UA-F-0368,,,
gw-001,opcua-01,opcua,UA-F-0369,Wind Speed,Wind Speed,Measurement,false,5,m/s,50,0,,1.0,opcua-server,OPCUA Server,Sensor,Site01,Building01,1F,Area01,,,,,,,ns=2;s=UA-F-0369,,,
gw-001,opcua-01,opcua,UA-F-0370,Pressure,Pressure,Measurement,false,5,bar,10,0,,1.0,opcua-server,OPCUA Server,Sensor,Site01,Building01,1F,Area01,,,,,,,ns=2;s=UA-F-0370,,,
gw-001,opcua-01,opcua,UA-F-0371,Temperature,Temperature,Measurement,false,5,degC,50,-10,,1.0,opcua-server,OPCUA Server,Sensor,Site01,Building01,1F,Area01,,,,,,,ns=2;s=UA-F-0371,,,
gw-001,opcua-01,opcua,UA-F-0372,Humidity,Humidity,Measurement,false,5,%RH,100,0,,1.0,opcua-server,OPCUA Server,Sensor,Site01,Building01,1F,Area01,,,,,,,ns=2;s=UA-F-0372,,,
gw-001,opcua-01,opcua,UA-F-0373,CO2 Concentration,CO2 Concentration,Measurement,false,5,ppm,5000,0,,1.0,opcua-server,OPCUA Server,Sensor,Site01,Building01,1F,Area01,,,,,,,ns=2;s=UA-F-0373,,,
gw-001,opcua-01,opcua,UA-F-0374,Differential Pressure,Differential Pressure,Measurement,false,5,Pa,1000,-1000,,1.0,opcua-server,OPCUA Server,Sensor,Site01,Building01,1F,Area01,,,,,,,ns=2;s=UA-F-0374,,,
gw-001,opcua-01,opcua,UA-F-0375,Flow Rate,Flow Rate,Measurement,false,5,m3/h,10000,0,,1.0,opcua-server,OPCUA Server,Sensor,Site01,Building01,1F,Area01,,,,,,,ns=2;s=UA-F-0375,,,
gw-001,opcua-01,opcua,UA-F-0376,Power,Power,Measurement,false,5,kW,1000,0,,1.0,opcua-server,OPCUA Server,Sensor,Site01,Building01,1F,Area01,,,,,,,ns=2;s=UA-F-0376,,,
gw-001,opcua-01,opcua,UA-F-0377,Energy,Energy,Metering,false,5,kWh,999999,0,,1.0,opcua-server,OPCUA Server,Sensor,Site01,Building01,1F,Area01,,,,,,,ns=2;s=UA-F-0377,,,
gw-001,opcua-01,opcua,UA-F-0378,Illuminance,Illuminance,Measurement,false,5,lux,10000,0,,1.0,opcua-server,OPCUA Server,Sensor,Site01,Building01,1F,Area01,,,,,,,ns=2;s=UA-F-0378,,,
gw-001,opcua-01,opcua,UA-F-0379,Wind Speed,Wind Speed,Measurement,false,5,m/s,50,0,,1.0,opcua-server,OPCUA Server,Sensor,Site01,Building01,1F,Area01,,,,,,,ns=2;s=UA-F-0379,,,
gw-001,opcua-01,opcua,UA-F-0380,Pressure,Pressure,Measurement,false,5,bar,10,0,,1.0,opcua-server,OPCUA Server,Sensor,Site01,Building01,1F,Area01,,,,,,,ns=2;s=UA-F-0380,,,
gw-001,opcua-01,opcua,UA-F-0381,Temperature,Temperature,Measurement,false,5,degC,50,-10,,1.0,opcua-server,OPCUA Server,Sensor,Site01,Building01,1F,Area01,,,,,,,ns=2;s=UA-F-0381,,,
gw-001,opcua-01,opcua,UA-F-0382,Humidity,Humidity,Measurement,false,5,%RH,100,0,,1.0,opcua-server,OPCUA Server,Sensor,Site01,Building01,1F,Area01,,,,,,,ns=2;s=UA-F-0382,,,
gw-001,opcua-01,opcua,UA-F-0383,CO2 Concentration,CO2 Concentration,Measurement,false,5,ppm,5000,0,,1.0,opcua-server,OPCUA Server,Sensor,Site01,Building01,1F,Area01,,,,,,,ns=2;s=UA-F-0383,,,
gw-001,opcua-01,opcua,UA-F-0384,Differential Pressure,Differential Pressure,Measurement,false,5,Pa,1000,-1000,,1.0,opcua-server,OPCUA Server,Sensor,Site01,Building01,1F,Area01,,,,,,,ns=2;s=UA-F-0384,,,
gw-001,opcua-01,opcua,UA-F-0385,Flow Rate,Flow Rate,Measurement,false,5,m3/h,10000,0,,1.0,opcua-server,OPCUA Server,Sensor,Site01,Building01,1F,Area01,,,,,,,ns=2;s=UA-F-0385,,,
gw-001,opcua-01,opcua,UA-F-0386,Power,Power,Measurement,false,5,kW,1000,0,,1.0,opcua-server,OPCUA Server,Sensor,Site01,Building01,1F,Area01,,,,,,,ns=2;s=UA-F-0386,,,
gw-001,opcua-01,opcua,UA-F-0387,Energy,Energy,Metering,false,5,kWh,999999,0,,1.0,opcua-server,OPCUA Server,Sensor,Site01,Building01,1F,Area01,,,,,,,ns=2;s=UA-F-0387,,,
gw-001,opcua-01,opcua,UA-F-0388,Illuminance,Illuminance,Measurement,false,5,lux,10000,0,,1.0,opcua-server,OPCUA Server,Sensor,Site01,Building01,1F,Area01,,,,,,,ns=2;s=UA-F-0388,,,
gw-001,opcua-01,opcua,UA-F-0389,Wind Speed,Wind Speed,Measurement,false,5,m/s,50,0,,1.0,opcua-server,OPCUA Server,Sensor,Site01,Building01,1F,Area01,,,,,,,ns=2;s=UA-F-0389,,,
gw-001,opcua-01,opcua,UA-F-0390,Pressure,Pressure,Measurement,false,5,bar,10,0,,1.0,opcua-server,OPCUA Server,Sensor,Site01,Building01,1F,Area01,,,,,,,ns=2;s=UA-F-0390,,,
gw-001,opcua-01,opcua,UA-F-0391,Temperature,Temperature,Measurement,false,5,degC,50,-10,,1.0,opcua-server,OPCUA Server,Sensor,Site01,Building01,1F,Area01,,,,,,,ns=2;s=UA-F-0391,,,
gw-001,opcua-01,opcua,UA-F-0392,Humidity,Humidity,Measurement,false,5,%RH,100,0,,1.0,opcua-server,OPCUA Server,Sensor,Site01,Building01,1F,Area01,,,,,,,ns=2;s=UA-F-0392,,,
gw-001,opcua-01,opcua,UA-F-0393,CO2 Concentration,CO2 Concentration,Measurement,false,5,ppm,5000,0,,1.0,opcua-server,OPCUA Server,Sensor,Site01,Building01,1F,Area01,,,,,,,ns=2;s=UA-F-0393,,,
gw-001,opcua-01,opcua,UA-F-0394,Differential Pressure,Differential Pressure,Measurement,false,5,Pa,1000,-1000,,1.0,opcua-server,OPCUA Server,Sensor,Site01,Building01,1F,Area01,,,,,,,ns=2;s=UA-F-0394,,,
gw-001,opcua-01,opcua,UA-F-0395,Flow Rate,Flow Rate,Measurement,false,5,m3/h,10000,0,,1.0,opcua-server,OPCUA Server,Sensor,Site01,Building01,1F,Area01,,,,,,,ns=2;s=UA-F-0395,,,
gw-001,opcua-01,opcua,UA-F-0396,Power,Power,Measurement,false,5,kW,1000,0,,1.0,opcua-server,OPCUA Server,Sensor,Site01,Building01,1F,Area01,,,,,,,ns=2;s=UA-F-0396,,,
gw-001,opcua-01,opcua,UA-F-0397,Energy,Energy,Metering,false,5,kWh,999999,0,,1.0,opcua-server,OPCUA Server,Sensor,Site01,Building01,1F,Area01,,,,,,,ns=2;s=UA-F-0397,,,
gw-001,opcua-01,opcua,UA-F-0398,Illuminance,Illuminance,Measurement,false,5,lux,10000,0,,1.0,opcua-server,OPCUA Server,Sensor,Site01,Building01,1F,Area01,,,,,,,ns=2;s=UA-F-0398,,,
gw-001,opcua-01,opcua,UA-F-0399,Wind Speed,Wind Speed,Measurement,false,5,m/s,50,0,,1.0,opcua-server,OPCUA Server,Sensor,Site01,Building01,1F,Area01,,,,,,,ns=2;s=UA-F-0399,,,
gw-001,opcua-01,opcua,UA-F-0400,Pressure,Pressure,Measurement,false,5,bar,10,0,,1.0,opcua-server,OPCUA Server,Sensor,Site01,Building01,1F,Area01,,,,,,,ns=2;s=UA-F-0400,,,
gw-001,opcua-01,opcua,UA-F-0401,Temperature,Temperature,Measurement,false,5,degC,50,-10,,1.0,opcua-server,OPCUA Server,Sensor,Site01,Building01,1F,Area01,,,,,,,ns=2;s=UA-F-0401,,,
gw-001,opcua-01,opcua,UA-F-0402,Humidity,Humidity,Measurement,false,5,%RH,100,0,,1.0,opcua-server,OPCUA Server,Sensor,Site01,Building01,1F,Area01,,,,,,,ns=2;s=UA-F-0402,,,
gw-001,opcua-01,opcua,UA-F-0403,CO2 Concentration,CO2 Concentration,Measurement,false,5,ppm,5000,0,,1.0,opcua-server,OPCUA Server,Sensor,Site01,Building01,1F,Area01,,,,,,,ns=2;s=UA-F-0403,,,
gw-001,opcua-01,opcua,UA-F-0404,Differential Pressure,Differential Pressure,Measurement,false,5,Pa,1000,-1000,,1.0,opcua-server,OPCUA Server,Sensor,Site01,Building01,1F,Area01,,,,,,,ns=2;s=UA-F-0404,,,
gw-001,opcua-01,opcua,UA-F-0405,Flow Rate,Flow Rate,Measurement,false,5,m3/h,10000,0,,1.0,opcua-server,OPCUA Server,Sensor,Site01,Building01,1F,Area01,,,,,,,ns=2;s=UA-F-0405,,,
gw-001,opcua-01,opcua,UA-F-0406,Power,Power,Measurement,false,5,kW,1000,0,,1.0,opcua-server,OPCUA Server,Sensor,Site01,Building01,1F,Area01,,,,,,,ns=2;s=UA-F-0406,,,
gw-001,opcua-01,opcua,UA-F-0407,Energy,Energy,Metering,false,5,kWh,999999,0,,1.0,opcua-server,OPCUA Server,Sensor,Site01,Building01,1F,Area01,,,,,,,ns=2;s=UA-F-0407,,,
gw-001,opcua-01,opcua,UA-F-0408,Illuminance,Illuminance,Measurement,false,5,lux,10000,0,,1.0,opcua-server,OPCUA Server,Sensor,Site01,Building01,1F,Area01,,,,,,,ns=2;s=UA-F-0408,,,
gw-001,opcua-01,opcua,UA-F-0409,Wind Speed,Wind Speed,Measurement,false,5,m/s,50,0,,1.0,opcua-server,OPCUA Server,Sensor,Site01,Building01,1F,Area01,,,,,,,ns=2;s=UA-F-0409,,,
gw-001,opcua-01,opcua,UA-F-0410,Pressure,Pressure,Measurement,false,5,bar,10,0,,1.0,opcua-server,OPCUA Server,Sensor,Site01,Building01,1F,Area01,,,,,,,ns=2;s=UA-F-0410,,,
gw-001,opcua-01,opcua,UA-F-0411,Temperature,Temperature,Measurement,false,5,degC,50,-10,,1.0,opcua-server,OPCUA Server,Sensor,Site01,Building01,1F,Area01,,,,,,,ns=2;s=UA-F-0411,,,
gw-001,opcua-01,opcua,UA-F-0412,Humidity,Humidity,Measurement,false,5,%RH,100,0,,1.0,opcua-server,OPCUA Server,Sensor,Site01,Building01,1F,Area01,,,,,,,ns=2;s=UA-F-0412,,,
gw-001,opcua-01,opcua,UA-F-0413,CO2 Concentration,CO2 Concentration,Measurement,false,5,ppm,5000,0,,1.0,opcua-server,OPCUA Server,Sensor,Site01,Building01,1F,Area01,,,,,,,ns=2;s=UA-F-0413,,,
gw-001,opcua-01,opcua,UA-F-0414,Differential Pressure,Differential Pressure,Measurement,false,5,Pa,1000,-1000,,1.0,opcua-server,OPCUA Server,Sensor,Site01,Building01,1F,Area01,,,,,,,ns=2;s=UA-F-0414,,,
gw-001,opcua-01,opcua,UA-F-0415,Flow Rate,Flow Rate,Measurement,false,5,m3/h,10000,0,,1.0,opcua-server,OPCUA Server,Sensor,Site01,Building01,1F,Area01,,,,,,,ns=2;s=UA-F-0415,,,
gw-001,opcua-01,opcua,UA-F-0416,Power,Power,Measurement,false,5,kW,1000,0,,1.0,opcua-server,OPCUA Server,Sensor,Site01,Building01,1F,Area01,,,,,,,ns=2;s=UA-F-0416,,,
gw-001,opcua-01,opcua,UA-F-0417,Energy,Energy,Metering,false,5,kWh,999999,0,,1.0,opcua-server,OPCUA Server,Sensor,Site01,Building01,1F,Area01,,,,,,,ns=2;s=UA-F-0417,,,
gw-001,opcua-01,opcua,UA-F-0418,Illuminance,Illuminance,Measurement,false,5,lux,10000,0,,1.0,opcua-server,OPCUA Server,Sensor,Site01,Building01,1F,Area01,,,,,,,ns=2;s=UA-F-0418,,,
gw-001,opcua-01,opcua,UA-F-0419,Wind Speed,Wind Speed,Measurement,false,5,m/s,50,0,,1.0,opcua-server,OPCUA Server,Sensor,Site01,Building01,1F,Area01,,,,,,,ns=2;s=UA-F-0419,,,
gw-001,opcua-01,opcua,UA-F-0420,Pressure,Pressure,Measurement,false,5,bar,10,0,,1.0,opcua-server,OPCUA Server,Sensor,Site01,Building01,1F,Area01,,,,,,,ns=2;s=UA-F-0420,,,
gw-001,opcua-01,opcua,UA-F-0421,Temperature,Temperature,Measurement,false,5,degC,50,-10,,1.0,opcua-server,OPCUA Server,Sensor,Site01,Building01,1F,Area01,,,,,,,ns=2;s=UA-F-0421,,,
gw-001,opcua-01,opcua,UA-F-0422,Humidity,Humidity,Measurement,false,5,%RH,100,0,,1.0,opcua-server,OPCUA Server,Sensor,Site01,Building01,1F,Area01,,,,,,,ns=2;s=UA-F-0422,,,
gw-001,opcua-01,opcua,UA-F-0423,CO2 Concentration,CO2 Concentration,Measurement,false,5,ppm,5000,0,,1.0,opcua-server,OPCUA Server,Sensor,Site01,Building01,1F,Area01,,,,,,,ns=2;s=UA-F-0423,,,
gw-001,opcua-01,opcua,UA-F-0424,Differential Pressure,Differential Pressure,Measurement,false,5,Pa,1000,-1000,,1.0,opcua-server,OPCUA Server,Sensor,Site01,Building01,1F,Area01,,,,,,,ns=2;s=UA-F-0424,,,
gw-001,opcua-01,opcua,UA-F-0425,Flow Rate,Flow Rate,Measurement,false,5,m3/h,10000,0,,1.0,opcua-server,OPCUA Server,Sensor,Site01,Building01,1F,Area01,,,,,,,ns=2;s=UA-F-0425,,,
gw-001,opcua-01,opcua,UA-F-0426,Power,Power,Measurement,false,5,kW,1000,0,,1.0,opcua-server,OPCUA Server,Sensor,Site01,Building01,1F,Area01,,,,,,,ns=2;s=UA-F-0426,,,
gw-001,opcua-01,opcua,UA-F-0427,Energy,Energy,Metering,false,5,kWh,999999,0,,1.0,opcua-server,OPCUA Server,Sensor,Site01,Building01,1F,Area01,,,,,,,ns=2;s=UA-F-0427,,,
gw-001,opcua-01,opcua,UA-F-0428,Illuminance,Illuminance,Measurement,false,5,lux,10000,0,,1.0,opcua-server,OPCUA Server,Sensor,Site01,Building01,1F,Area01,,,,,,,ns=2;s=UA-F-0428,,,
gw-001,opcua-01,opcua,UA-F-0429,Wind Speed,Wind Speed,Measurement,false,5,m/s,50,0,,1.0,opcua-server,OPCUA Server,Sensor,Site01,Building01,1F,Area01,,,,,,,ns=2;s=UA-F-0429,,,
gw-001,opcua-01,opcua,UA-F-0430,Pressure,Pressure,Measurement,false,5,bar,10,0,,1.0,opcua-server,OPCUA Server,Sensor,Site01,Building01,1F,Area01,,,,,,,ns=2;s=UA-F-0430,,,
gw-001,opcua-01,opcua,UA-F-0431,Temperature,Temperature,Measurement,false,5,degC,50,-10,,1.0,opcua-server,OPCUA Server,Sensor,Site01,Building01,1F,Area01,,,,,,,ns=2;s=UA-F-0431,,,
gw-001,opcua-01,opcua,UA-F-0432,Humidity,Humidity,Measurement,false,5,%RH,100,0,,1.0,opcua-server,OPCUA Server,Sensor,Site01,Building01,1F,Area01,,,,,,,ns=2;s=UA-F-0432,,,
gw-001,opcua-01,opcua,UA-F-0433,CO2 Concentration,CO2 Concentration,Measurement,false,5,ppm,5000,0,,1.0,opcua-server,OPCUA Server,Sensor,Site01,Building01,1F,Area01,,,,,,,ns=2;s=UA-F-0433,,,
gw-001,opcua-01,opcua,UA-F-0434,Differential Pressure,Differential Pressure,Measurement,false,5,Pa,1000,-1000,,1.0,opcua-server,OPCUA Server,Sensor,Site01,Building01,1F,Area01,,,,,,,ns=2;s=UA-F-0434,,,
gw-001,opcua-01,opcua,UA-F-0435,Flow Rate,Flow Rate,Measurement,false,5,m3/h,10000,0,,1.0,opcua-server,OPCUA Server,Sensor,Site01,Building01,1F,Area01,,,,,,,ns=2;s=UA-F-0435,,,
gw-001,opcua-01,opcua,UA-F-0436,Power,Power,Measurement,false,5,kW,1000,0,,1.0,opcua-server,OPCUA Server,Sensor,Site01,Building01,1F,Area01,,,,,,,ns=2;s=UA-F-0436,,,
gw-001,opcua-01,opcua,UA-F-0437,Energy,Energy,Metering,false,5,kWh,999999,0,,1.0,opcua-server,OPCUA Server,Sensor,Site01,Building01,1F,Area01,,,,,,,ns=2;s=UA-F-0437,,,
gw-001,opcua-01,opcua,UA-F-0438,Illuminance,Illuminance,Measurement,false,5,lux,10000,0,,1.0,opcua-server,OPCUA Server,Sensor,Site01,Building01,1F,Area01,,,,,,,ns=2;s=UA-F-0438,,,
gw-001,opcua-01,opcua,UA-F-0439,Wind Speed,Wind Speed,Measurement,false,5,m/s,50,0,,1.0,opcua-server,OPCUA Server,Sensor,Site01,Building01,1F,Area01,,,,,,,ns=2;s=UA-F-0439,,,
gw-001,opcua-01,opcua,UA-F-0440,Pressure,Pressure,Measurement,false,5,bar,10,0,,1.0,opcua-server,OPCUA Server,Sensor,Site01,Building01,1F,Area01,,,,,,,ns=2;s=UA-F-0440,,,
gw-001,opcua-01,opcua,UA-F-0441,Temperature,Temperature,Measurement,false,5,degC,50,-10,,1.0,opcua-server,OPCUA Server,Sensor,Site01,Building01,1F,Area01,,,,,,,ns=2;s=UA-F-0441,,,
gw-001,opcua-01,opcua,UA-F-0442,Humidity,Humidity,Measurement,false,5,%RH,100,0,,1.0,opcua-server,OPCUA Server,Sensor,Site01,Building01,1F,Area01,,,,,,,ns=2;s=UA-F-0442,,,
gw-001,opcua-01,opcua,UA-F-0443,CO2 Concentration,CO2 Concentration,Measurement,false,5,ppm,5000,0,,1.0,opcua-server,OPCUA Server,Sensor,Site01,Building01,1F,Area01,,,,,,,ns=2;s=UA-F-0443,,,
gw-001,opcua-01,opcua,UA-F-0444,Differential Pressure,Differential Pressure,Measurement,false,5,Pa,1000,-1000,,1.0,opcua-server,OPCUA Server,Sensor,Site01,Building01,1F,Area01,,,,,,,ns=2;s=UA-F-0444,,,
gw-001,opcua-01,opcua,UA-F-0445,Flow Rate,Flow Rate,Measurement,false,5,m3/h,10000,0,,1.0,opcua-server,OPCUA Server,Sensor,Site01,Building01,1F,Area01,,,,,,,ns=2;s=UA-F-0445,,,
gw-001,opcua-01,opcua,UA-F-0446,Power,Power,Measurement,false,5,kW,1000,0,,1.0,opcua-server,OPCUA Server,Sensor,Site01,Building01,1F,Area01,,,,,,,ns=2;s=UA-F-0446,,,
gw-001,opcua-01,opcua,UA-F-0447,Energy,Energy,Metering,false,5,kWh,999999,0,,1.0,opcua-server,OPCUA Server,Sensor,Site01,Building01,1F,Area01,,,,,,,ns=2;s=UA-F-0447,,,
gw-001,opcua-01,opcua,UA-F-0448,Illuminance,Illuminance,Measurement,false,5,lux,10000,0,,1.0,opcua-server,OPCUA Server,Sensor,Site01,Building01,1F,Area01,,,,,,,ns=2;s=UA-F-0448,,,
gw-001,opcua-01,opcua,UA-F-0449,Wind Speed,Wind Speed,Measurement,false,5,m/s,50,0,,1.0,opcua-server,OPCUA Server,Sensor,Site01,Building01,1F,Area01,,,,,,,ns=2;s=UA-F-0449,,,
gw-001,opcua-01,opcua,UA-F-0450,Pressure,Pressure,Measurement,false,5,bar,10,0,,1.0,opcua-server,OPCUA Server,Sensor,Site01,Building01,1F,Area01,,,,,,,ns=2;s=UA-F-0450,,,
gw-001,opcua-01,opcua,UA-F-0451,Temperature,Temperature,Measurement,false,5,degC,50,-10,,1.0,opcua-server,OPCUA Server,Sensor,Site01,Building01,1F,Area01,,,,,,,ns=2;s=UA-F-0451,,,
gw-001,opcua-01,opcua,UA-F-0452,Humidity,Humidity,Measurement,false,5,%RH,100,0,,1.0,opcua-server,OPCUA Server,Sensor,Site01,Building01,1F,Area01,,,,,,,ns=2;s=UA-F-0452,,,
gw-001,opcua-01,opcua,UA-F-0453,CO2 Concentration,CO2 Concentration,Measurement,false,5,ppm,5000,0,,1.0,opcua-server,OPCUA Server,Sensor,Site01,Building01,1F,Area01,,,,,,,ns=2;s=UA-F-0453,,,
gw-001,opcua-01,opcua,UA-F-0454,Differential Pressure,Differential Pressure,Measurement,false,5,Pa,1000,-1000,,1.0,opcua-server,OPCUA Server,Sensor,Site01,Building01,1F,Area01,,,,,,,ns=2;s=UA-F-0454,,,
gw-001,opcua-01,opcua,UA-F-0455,Flow Rate,Flow Rate,Measurement,false,5,m3/h,10000,0,,1.0,opcua-server,OPCUA Server,Sensor,Site01,Building01,1F,Area01,,,,,,,ns=2;s=UA-F-0455,,,
gw-001,opcua-01,opcua,UA-F-0456,Power,Power,Measurement,false,5,kW,1000,0,,1.0,opcua-server,OPCUA Server,Sensor,Site01,Building01,1F,Area01,,,,,,,ns=2;s=UA-F-0456,,,
gw-001,opcua-01,opcua,UA-F-0457,Energy,Energy,Metering,false,5,kWh,999999,0,,1.0,opcua-server,OPCUA Server,Sensor,Site01,Building01,1F,Area01,,,,,,,ns=2;s=UA-F-0457,,,
gw-001,opcua-01,opcua,UA-F-0458,Illuminance,Illuminance,Measurement,false,5,lux,10000,0,,1.0,opcua-server,OPCUA Server,Sensor,Site01,Building01,1F,Area01,,,,,,,ns=2;s=UA-F-0458,,,
gw-001,opcua-01,opcua,UA-F-0459,Wind Speed,Wind Speed,Measurement,false,5,m/s,50,0,,1.0,opcua-server,OPCUA Server,Sensor,Site01,Building01,1F,Area01,,,,,,,ns=2;s=UA-F-0459,,,
gw-001,opcua-01,opcua,UA-F-0460,Pressure,Pressure,Measurement,false,5,bar,10,0,,1.0,opcua-server,OPCUA Server,Sensor,Site01,Building01,1F,Area01,,,,,,,ns=2;s=UA-F-0460,,,
gw-001,opcua-01,opcua,UA-F-0461,Temperature,Temperature,Measurement,false,5,degC,50,-10,,1.0,opcua-server,OPCUA Server,Sensor,Site01,Building01,1F,Area01,,,,,,,ns=2;s=UA-F-0461,,,
gw-001,opcua-01,opcua,UA-F-0462,Humidity,Humidity,Measurement,false,5,%RH,100,0,,1.0,opcua-server,OPCUA Server,Sensor,Site01,Building01,1F,Area01,,,,,,,ns=2;s=UA-F-0462,,,
gw-001,opcua-01,opcua,UA-F-0463,CO2 Concentration,CO2 Concentration,Measurement,false,5,ppm,5000,0,,1.0,opcua-server,OPCUA Server,Sensor,Site01,Building01,1F,Area01,,,,,,,ns=2;s=UA-F-0463,,,
gw-001,opcua-01,opcua,UA-F-0464,Differential Pressure,Differential Pressure,Measurement,false,5,Pa,1000,-1000,,1.0,opcua-server,OPCUA Server,Sensor,Site01,Building01,1F,Area01,,,,,,,ns=2;s=UA-F-0464,,,
gw-001,opcua-01,opcua,UA-F-0465,Flow Rate,Flow Rate,Measurement,false,5,m3/h,10000,0,,1.0,opcua-server,OPCUA Server,Sensor,Site01,Building01,1F,Area01,,,,,,,ns=2;s=UA-F-0465,,,
gw-001,opcua-01,opcua,UA-F-0466,Power,Power,Measurement,false,5,kW,1000,0,,1.0,opcua-server,OPCUA Server,Sensor,Site01,Building01,1F,Area01,,,,,,,ns=2;s=UA-F-0466,,,
gw-001,opcua-01,opcua,UA-F-0467,Energy,Energy,Metering,false,5,kWh,999999,0,,1.0,opcua-server,OPCUA Server,Sensor,Site01,Building01,1F,Area01,,,,,,,ns=2;s=UA-F-0467,,,
gw-001,opcua-01,opcua,UA-F-0468,Illuminance,Illuminance,Measurement,false,5,lux,10000,0,,1.0,opcua-server,OPCUA Server,Sensor,Site01,Building01,1F,Area01,,,,,,,ns=2;s=UA-F-0468,,,
gw-001,opcua-01,opcua,UA-F-0469,Wind Speed,Wind Speed,Measurement,false,5,m/s,50,0,,1.0,opcua-server,OPCUA Server,Sensor,Site01,Building01,1F,Area01,,,,,,,ns=2;s=UA-F-0469,,,
gw-001,opcua-01,opcua,UA-F-0470,Pressure,Pressure,Measurement,false,5,bar,10,0,,1.0,opcua-server,OPCUA Server,Sensor,Site01,Building01,1F,Area01,,,,,,,ns=2;s=UA-F-0470,,,
gw-001,opcua-01,opcua,UA-F-0471,Temperature,Temperature,Measurement,false,5,degC,50,-10,,1.0,opcua-server,OPCUA Server,Sensor,Site01,Building01,1F,Area01,,,,,,,ns=2;s=UA-F-0471,,,
gw-001,opcua-01,opcua,UA-F-0472,Humidity,Humidity,Measurement,false,5,%RH,100,0,,1.0,opcua-server,OPCUA Server,Sensor,Site01,Building01,1F,Area01,,,,,,,ns=2;s=UA-F-0472,,,
gw-001,opcua-01,opcua,UA-F-0473,CO2 Concentration,CO2 Concentration,Measurement,false,5,ppm,5000,0,,1.0,opcua-server,OPCUA Server,Sensor,Site01,Building01,1F,Area01,,,,,,,ns=2;s=UA-F-0473,,,
gw-001,opcua-01,opcua,UA-F-0474,Differential Pressure,Differential Pressure,Measurement,false,5,Pa,1000,-1000,,1.0,opcua-server,OPCUA Server,Sensor,Site01,Building01,1F,Area01,,,,,,,ns=2;s=UA-F-0474,,,
gw-001,opcua-01,opcua,UA-F-0475,Flow Rate,Flow Rate,Measurement,false,5,m3/h,10000,0,,1.0,opcua-server,OPCUA Server,Sensor,Site01,Building01,1F,Area01,,,,,,,ns=2;s=UA-F-0475,,,
gw-001,opcua-01,opcua,UA-F-0476,Power,Power,Measurement,false,5,kW,1000,0,,1.0,opcua-server,OPCUA Server,Sensor,Site01,Building01,1F,Area01,,,,,,,ns=2;s=UA-F-0476,,,
gw-001,opcua-01,opcua,UA-F-0477,Energy,Energy,Metering,false,5,kWh,999999,0,,1.0,opcua-server,OPCUA Server,Sensor,Site01,Building01,1F,Area01,,,,,,,ns=2;s=UA-F-0477,,,
gw-001,opcua-01,opcua,UA-F-0478,Illuminance,Illuminance,Measurement,false,5,lux,10000,0,,1.0,opcua-server,OPCUA Server,Sensor,Site01,Building01,1F,Area01,,,,,,,ns=2;s=UA-F-0478,,,
gw-001,opcua-01,opcua,UA-F-0479,Wind Speed,Wind Speed,Measurement,false,5,m/s,50,0,,1.0,opcua-server,OPCUA Server,Sensor,Site01,Building01,1F,Area01,,,,,,,ns=2;s=UA-F-0479,,,
gw-001,opcua-01,opcua,UA-F-0480,Pressure,Pressure,Measurement,false,5,bar,10,0,,1.0,opcua-server,OPCUA Server,Sensor,Site01,Building01,1F,Area01,,,,,,,ns=2;s=UA-F-0480,,,
gw-001,opcua-01,opcua,UA-F-0481,Temperature,Temperature,Measurement,false,5,degC,50,-10,,1.0,opcua-server,OPCUA Server,Sensor,Site01,Building01,1F,Area01,,,,,,,ns=2;s=UA-F-0481,,,
gw-001,opcua-01,opcua,UA-F-0482,Humidity,Humidity,Measurement,false,5,%RH,100,0,,1.0,opcua-server,OPCUA Server,Sensor,Site01,Building01,1F,Area01,,,,,,,ns=2;s=UA-F-0482,,,
gw-001,opcua-01,opcua,UA-F-0483,CO2 Concentration,CO2 Concentration,Measurement,false,5,ppm,5000,0,,1.0,opcua-server,OPCUA Server,Sensor,Site01,Building01,1F,Area01,,,,,,,ns=2;s=UA-F-0483,,,
gw-001,opcua-01,opcua,UA-F-0484,Differential Pressure,Differential Pressure,Measurement,false,5,Pa,1000,-1000,,1.0,opcua-server,OPCUA Server,Sensor,Site01,Building01,1F,Area01,,,,,,,ns=2;s=UA-F-0484,,,
gw-001,opcua-01,opcua,UA-F-0485,Flow Rate,Flow Rate,Measurement,false,5,m3/h,10000,0,,1.0,opcua-server,OPCUA Server,Sensor,Site01,Building01,1F,Area01,,,,,,,ns=2;s=UA-F-0485,,,
gw-001,opcua-01,opcua,UA-F-0486,Power,Power,Measurement,false,5,kW,1000,0,,1.0,opcua-server,OPCUA Server,Sensor,Site01,Building01,1F,Area01,,,,,,,ns=2;s=UA-F-0486,,,
gw-001,opcua-01,opcua,UA-F-0487,Energy,Energy,Metering,false,5,kWh,999999,0,,1.0,opcua-server,OPCUA Server,Sensor,Site01,Building01,1F,Area01,,,,,,,ns=2;s=UA-F-0487,,,
gw-001,opcua-01,opcua,UA-F-0488,Illuminance,Illuminance,Measurement,false,5,lux,10000,0,,1.0,opcua-server,OPCUA Server,Sensor,Site01,Building01,1F,Area01,,,,,,,ns=2;s=UA-F-0488,,,
gw-001,opcua-01,opcua,UA-F-0489,Wind Speed,Wind Speed,Measurement,false,5,m/s,50,0,,1.0,opcua-server,OPCUA Server,Sensor,Site01,Building01,1F,Area01,,,,,,,ns=2;s=UA-F-0489,,,
gw-001,opcua-01,opcua,UA-F-0490,Pressure,Pressure,Measurement,false,5,bar,10,0,,1.0,opcua-server,OPCUA Server,Sensor,Site01,Building01,1F,Area01,,,,,,,ns=2;s=UA-F-0490,,,
gw-001,opcua-01,opcua,UA-F-0491,Temperature,Temperature,Measurement,false,5,degC,50,-10,,1.0,opcua-server,OPCUA Server,Sensor,Site01,Building01,1F,Area01,,,,,,,ns=2;s=UA-F-0491,,,
gw-001,opcua-01,opcua,UA-F-0492,Humidity,Humidity,Measurement,false,5,%RH,100,0,,1.0,opcua-server,OPCUA Server,Sensor,Site01,Building01,1F,Area01,,,,,,,ns=2;s=UA-F-0492,,,
gw-001,opcua-01,opcua,UA-F-0493,CO2 Concentration,CO2 Concentration,Measurement,false,5,ppm,5000,0,,1.0,opcua-server,OPCUA Server,Sensor,Site01,Building01,1F,Area01,,,,,,,ns=2;s=UA-F-0493,,,
gw-001,opcua-01,opcua,UA-F-0494,Differential Pressure,Differential Pressure,Measurement,false,5,Pa,1000,-1000,,1.0,opcua-server,OPCUA Server,Sensor,Site01,Building01,1F,Area01,,,,,,,ns=2;s=UA-F-0494,,,
gw-001,opcua-01,opcua,UA-F-0495,Flow Rate,Flow Rate,Measurement,false,5,m3/h,10000,0,,1.0,opcua-server,OPCUA Server,Sensor,Site01,Building01,1F,Area01,,,,,,,ns=2;s=UA-F-0495,,,
gw-001,opcua-01,opcua,UA-F-0496,Power,Power,Measurement,false,5,kW,1000,0,,1.0,opcua-server,OPCUA Server,Sensor,Site01,Building01,1F,Area01,,,,,,,ns=2;s=UA-F-0496,,,
gw-001,opcua-01,opcua,UA-F-0497,Energy,Energy,Metering,false,5,kWh,999999,0,,1.0,opcua-server,OPCUA Server,Sensor,Site01,Building01,1F,Area01,,,,,,,ns=2;s=UA-F-0497,,,
gw-001,opcua-01,opcua,UA-F-0498,Illuminance,Illuminance,Measurement,false,5,lux,10000,0,,1.0,opcua-server,OPCUA Server,Sensor,Site01,Building01,1F,Area01,,,,,,,ns=2;s=UA-F-0498,,,
gw-001,opcua-01,opcua,UA-F-0499,Wind Speed,Wind Speed,Measurement,false,5,m/s,50,0,,1.0,opcua-server,OPCUA Server,Sensor,Site01,Building01,1F,Area01,,,,,,,ns=2;s=UA-F-0499,,,
gw-001,opcua-01,opcua,UA-F-0500,Pressure,Pressure,Measurement,false,5,bar,10,0,,1.0,opcua-server,OPCUA Server,Sensor,Site01,Building01,1F,Area01,,,,,,,ns=2;s=UA-F-0500,,,
